tlg;tolong
dwpan;depan
dwngan;dengan
byk;banyak
smoga;semoga
kpn;kapan
sdh;sudah
kelwbihan;kelebihan
smua;semua
brani;berani
tlng;tolong
jgn2;jangan-jangan
bagusn;bagusan
lmynlh;lumayanlah
ngk;enggak
bner;bener
blom;belum
pk;pakai
maff;maaf
ama;sama
splikasi;aplikasi
tu;itu
dnk;dong
and;dan
knp;kenapa
gk;tidak
klu;kalau
bli;beli
bncmark;benchmark
bsa;bisa
awal2;awal-awal
ttg;tentang
udh;sudah
blm;belum
msuk;masuk
abg;abang
d;di
klo;kalau
brp;berapa
kalu;kalau
reales;rilis
diindonesia;diindonesia
blon;belum
gmn;gimana
gmna;gimana
jwb;jawab
yng;yang
yg;yang
syng;sayang
bgs;bagus
idup;hidup
dgn;dengan
dimalaysia;dimalaysia
dpn;depan
dpnx;depannya
blkng;belakang
ngak;enggak
dripada;daripada
bgt;banget
bda;beda
pke;pake
kpke;kepakai
k;ke
bw;bawa
bs;bisa
knapa;kenapa
hpx;hapenya
bgus2;bagus-bagus
bls;balas
g;gak
lg;lagi
ttp;tetap
km;kamu
dr;dari
tmn2;teman-teman
pd;pada
blakang;belakang
dri;dari
skrg;sekarang
ak;aku
jg;juga
gpp;gapapa
wktu;waktu
tmpt;tempat
dibles;dibales
karna;karena
stelan;setelan
kwalitas;kualitas
tdk;tidak
jga;juga
mnta;minta
lbih;lebih
riwue;review
skligus;sekaligus
Ccok;cocok
tsb;tersebut
mksi;makasi
rata2;rata-rata
kerpatan;kerapatan
Spekx;speknya
Lmynlah;lumayanlah
smaa;sama
abng;abang
tp;tapi
vidio;video
Pdhl;Padahal
bg;bang
skrng;sekarang
n;dan
jd;jadi
bwat;buat
sgt;sangat
sya;saya
linkaran;lingkaran
lbh;lebih
tny;tanya
mnding;mending
mna;mana
nggk;enggak
sdar;sadar
mntep;mantep
jngan;jangan
revwnya;reviewnya
bwt;buat
vdionya;videonya
dlm;dalam
pnya;punya
sbelum;sebelum
blum;belum
mklum;maklum
adl;adalah
aada;ada
aadoh;aduh
aanjeeengggg;anjing
aatau;atau
abiiissss;abis
abiis;abis
gile;gila
membosakan;membosankan
gak;tidak
ternyta;ternyata
bagussss;bagus
sedang-sedang;sedang
nggak;tidak
hunny;sayang
ngeliat;lihat
disela-sela;disela
okay;oke
otot-otot;otot
thanx;terimakasih
berkaca-kaca;berkaca
karya-karya;karya
dee;dewilestari
kerana;karena
lain-lain;lain
memuja-muja;memuja
karya-karyanya;karya
ni;ini
dirumit-rumitkan;dirumitkan
ga;tidak
atw;atau
aq;aku
sprt;seperti
kata-kata;kata
hmm;hm
ide-ide;ide
maap;maaf
ato;atau
sampe;sampai
buku-buku;buku
teen-lit;teenlit
pgn;ingin
cerita-cerita;cerita
dipaksain;dipaksakan
apa-apa;apa
terapung-apung;terapung
berliku-liku;berliku
disitu-situ;disitu
ndilalah;tibatiba
sinetron-sinetron;sinetron
simple;sederhana
ngalahin;mengalahkan
terburu-buru;terburu
tiba-tiba;tibatiba
hwehehe;tertawa
hati-hati;hatihati
kayak;seperti
tokoh-tokoh;tokoh
macam-macam;bermacam
meng-skip;melewati
sukai;suka
hal-hal;hal
berbulan-bulan;bulan
expektasi;ekspektasi
smansa;sma
haha;tertawa
cobaa;coba
ogut;saya
likeable;disukai
sebelum-sebelumnya;sebelumnya
tebel;tebal
tetep;tetap
rada;agak
nyerah;menyerah
euy;juga
kl;kalau
ngasih;memberi
owkayh;oke
gw;saya
hadeeh;hadeh
young-adultannya;remaja
nyelesaiin;menyelesaikan
hahah;tertawa
ngga;tidak
yah;ya
klop;cocok
sekalii;sekali
khan;kan
so;jadi
nge-pop;pop
shallow;dangkal
genre-nya;genre
sebenernya;sebenarnya
cuman;cuma
makin;semakin
bikin;membuat
bertanya-tanya;tanya
benar-benar;benar
bikinan;buatan
kelar;selesai
ngebaca;membaca
nih;ini
novel-novel;novel
yak;ya
wah;memukau
nama-nama;nama
diterusin;diteruskan
ngeklop;cocok
g;tidak
sy;saya
org;orang
interest;tertarik
kepaksa;terpaksa
sewow;semegah
kayaknya;sepertinya
hahaha;haha
hehehe;hehe
gue;saya
gasuka;tidaksuka
overrated;berlebihan
here;disini
there;disana
krn;karena
tau;tahu
begitu-begitu;begitu
jokes;candaan
bising;berisik
sreg;sesuai
braggingnya;sombong
ngeselin;menjengkelkan
wkwkwk;tertawa
lagi-lagi;lagilagi
kecele;kecewa
part;bagian
skip;lewati
PO;preorder
bener-bener;benar-benar
pdhl;padahal
utk;untuk
i;saya
know;tahu
keknya;sepertinya
lebay;berlebihan
gt;gitu
ngerti;mengerti
kya;seperti
nyesel;menyesal
keluarin;mengeluarkan
gua;saya
sana-sini;sanasini
but;tetapi
CE;criticaleleven
lol;tertawa
kisah-kisah;kisah
starts;bintang
kapok;menyesal
krna;karena
sprtinya;sepertinya
sprti;seperti
dp;dapat
aja;saja
pait;pahit
brhenti;berhenti
tpi;tapi
udah;sudah
ngebahas;membahas
ngeh;paham
dibuat-buat;dibuatbuat
sempet;sempat
emang;memang
tumplek;semua
blek;penuh
baca-baca;baca
think;berpikir
orang-orang;orang
ngeluarin;mengeluarkan
ngrerasa;merasa
sukur;syukur
hatam;khatam
yeaay;ya
ngerasa;merasa
nemuin;menemukan
bhs;bahasa
soul;jiwa
dicampur-campur;dicampur
english-indonesia;inggrisindonesia
nyelesain;menyelesaikan
buke;buku
puyeng;pusing
sori;sorry
next;selanjutnya
ku;aku
tokoh-tokohnya;tokoh
dialog-dialog;dialog
mana-mana;manamana
sudut-sudut;sudut
kesana-kemari;kesanakemari
biasa-biasa;biasa
sm;sama
kyk;seperti
bc;baca
ensklopedi;ensiklopedia
yha;ya
namcep;mengena
laki-laki;laki
demen;suka
dapet;dapat
ludes;habis
ciamikk;ciamik
self-help;selfhelp
anak-anak;anak
panjaang;panjang
ngebosenin;membosankan
dech;deh
hadooh;haduh
ngelanjutin;melanjutkan
nofan;novelfantasi
puooll;penuh
kanak-kanak;kanakkanak
nope;tidak
asal-asalan;asal
buku-bukunya;buku
hihihi;tertawa
paraah;parah
taraa;tara
heyeehh;halah
ceritany;ceritanya
tragedi-tragedi;tragedi
halaman-halaman;halaman
kisah-kisahnya;kisahnya
berulang-ulang;berulang
bosen;bosan
berputar-putar;berputar
berbelit-belit;berbelit
bertele-tele;berteletele
mengada-ada;mengadaada
daan;dan
diulang-ulang;diulang
nyata-nyata;ternyata
ampunn;ampun
pengen;ingin
pantes;pantas
ehhh;eh
difilm-in;difilmkan
lama-lama;lamalama
loncat-loncat;loncat
hahahaha;haha
borred;bosan
flat;datar
agak-agak;agak
karakter-karakternya;karakternya
sama-sama;sama
menyerahh;menyerah
kayanya;sepertinya
dh;sudah
ampe;sampai
tapii;tapi
bab-bab;bab
napa;kenapa
detail;rinci
detil;rinci
bahasa-bahasa;bahasa
u;untuk
begini-begini;begini
yaa;ya
bagian-bagian;bagian
ngebakar;membakar
telat;terlambat
berubah-ubah;berubah
lumayanlah;lumayan
bangett;banget
kereen;keren
baguss;bagus
sukaa;suka
kirain;diduga
merekomendasikan;rekomendasi
kereenn;keren
nulisnya;menulis
semaleman;semalam
mileanya;milea
ngalamin;mengalami
bangeet;abnget
ngiri;iri
walopun;walaupun
mbaknya;ibunya
mbak;ibu
nyampein;menyampaikan
dilannya;dilan
gabisa;tidakbisa
dimasukkin;dimasukkan
nikmatin;menikmati
semangatt;semangat
deeh;deh
nyesal;menyesal
nyoba;mencoba
didapet;didapat
feelnya;rasanya
ehmm;hm
namatin;menyelesaikan
menyelesaikannya;menyelesaikan
ciee;cie
keningmu;keningkamu
dehh;deh
lupain;melupakan
berekspetasi;berekspektasi
keseel;kesal
bosaann;bosan
goodd;baguss
konfiknya;konfliknya
bapeer;baper
mesraannya;mesra
kerrn;keren
yasyudah;yasudah
endingnya;terakhir
ngegemesiinn;menggemaskan
ditunguu;ditunggu
nyampee;sampai
terbaiq;terbaik
hahahahahaah;tertawa
berujtung;beruntung
miela;milea
pidibaiq;pidibaiq
ngabisin;menghabiskan
dahh;sudah
gausah;tidak
mileaa;milea
itulo;itu
curcol;curhat
nyampurnya;campuran
huhuhuhu;sedih
nontonin;menonton
nangisnya;menangisnya
difilmin;difilmkan
hufft;mengeluh
futururustic;futuristik
ngebandingin;membandingkan
seringadu;seringadu
cukupp;cukup
mantaplahh;mantaplah
meyakinka;meyakinkan
nyelesein;menyelesaikan
dihilangankan;dihilangkan
benanr;benar
mantaps;mantap
nehh;nih
mrid;married
cakepp;bagus
manjadda;manjadda
nyeritainnya;menyeritakan
selipin;menyelipkan
hohoo;hoho
diselingin;gangguan
ngegantung;menggantung
baperr;baper
paraahh;parah
novelmu;novelmu
hufph;huft
tokohnya;tokoh
yuppy;iya
kesindir;sindiran
ngebayangin;membayangkan
dibiarin;dibiarkan
lmyn;lumayan
bergalau;galau
ngakaknya;ketawa
hehehhe;ketawa
disajiin;disajikan
elizabethh;elizabeth
didatengin;datang
ngelewatin;melewati
kesampean;kesampaiann
kerenn;keren
ancurnya;hancurnya
novelkan;novel
gunungnyaa;gunungnya
mengharagi;menghargai
bosennya;bosan
nyentuuh;menyentuh
nasinalisme;nasionalisme
diwujudin;diwujudkan
biasaa;biasa
huakkakakka;ketawa
pnilaian;penilaian
gilee;gila
nyeritain;menyeritakan
mototon;monoton
meniginspirasi;menginspirasi
didapatin;didapatkan
hwhehehehe;ketawa
penuturanya;penuturannya
mendeskripisikan;mendeskripsikan
baguus;bagus
promosiin;promosi
endingya;endingnya
ndaki;mendaki
lecekk;kusut
dirasain;dirasakan
lengkapp;lengkap
ngmongin;mebicarakan
mantaap;mantap
tenteang;tentang
pesennya;pesannya
gilaak;gila
sumpeehh;sumpah
tuambah;tambah
ngebalikin;mengembalikan
twistnya;memutar
abizz;habis
petuangalan;petualangan
memintarkan;membuatpintar
anehny;anehnya
pfft;huft
haahh;hah
sekece;sebagus
baguuss;bagus
mengantu;mengantuk
yakalee;ya
ngombinasiin;mengombinasikan
puass;puas
mnggetarkan;manggetarkan
dlmnya;dalamnya
seritanya;ceritanya
buanget;banget
disituu;disitu
tetraogi;tetralogi
bebar;bebas
nyentuh;menyentuh
kecewain;kecewa
ngikik;ketawa
kudapet;akudapat
netes;menetes
penyesuaianlah;penyesuaianlah
chattingannya;percakapannya
membaperkan;membuatbaper
tinlit;teenlit
kekesimpulan;kesimpulan
sefavorit;favorit
dilahannya;dilahannya
sbenernya;sebenarnya
huhahahaha;ketawa
uhuk;batuk
meremaja;remaja
enaknyaa;enaknya
semikir;satupemikiran
nyewa;menyewa
semalem;semalam
ehehehe;ketawa
guenya;aku
mileeaa;milea
konflikny;konfliknya
seriusan;serius
hoahahahaha;ketawa
sinopsismya;sinopsisnya
mengirimiku;mengirim
terlallu;terlalu
hehhe;katawa
xixixi;ketawa
ngayal;menghayal
diperanin;diperankan
njlimetnya;rumitnya
jatohnya;jatuhnya
mengocak;lucu
konyoll;konyol
sendirii;sendiri
hahahhaha;ketawa
statemennya;pernyataannya
huahaha;ketawa
mnurutku;menurutku
mengajakarkan;mengajarkan
yeaa;ya
senengnya;senang
ngingetin;mengingatkan
nunjukkin;menunjukkan
heheheh;ketawa
ngeraih;meraih
mimpii;mimpi
filmnyaa;filmnya
banyaak;banyak
dilanjutin;dilanjutkan
kemakan;pengaruh
kilmaks;klimaks
inibuku;inibuku
sambungin;sambungkan
mbaca;membaca
hahahasudahlah;sudahlah
taruhanmu;taruhan
percayamu;percaya
homescooling;homescholling
penasaraan;penasaran
diterbitin;diterbitkan
discription;deskripsi
kejawab;terjawab
truz;terus
hehehee;ketawa
critanya;ceritanya
filmin;film
diantararanya;diantaranya
sebeellnya;sebel
kekekeke;ketawa
lamaa;lama
kubelilah;sayabeli
kawann;kawan
bersemngat;bersemangat
mewujudukan;mewujudkan
merelakkan;merelakan
meyainkan;meyakinkan
mgkin;mungkin
dirumit;rumit
rumit;susah
sayaa;saya
kecewaa;kecewa
kebanting;jauh
sentimentilnya;sentimen
petantang;penantang
dininabobokan;ditidurkan
peulisannya;penulisan
ngerasanya;merasanya
keganggu;terganggu
halaah;halah
cintanye;cintanya
longkap;lengkap
tiitt;sensor
ngerebutin;meributkan
menbaca;membaca
heraann;heran
guwe;saya
ngancurin;menghancurkan
lgsg;langsung
tmen;teman
rekomendasiin;merekomendasikan
ceritain;ceritakan
ngebalik;balik
maksain;memaksa
booring;bosan
benget;banget
oohh;oh
ngehubunginnya;menghubunginya
tengkyu;terimakasih
dipas;sesuai
tebelnya;tebalnya
hadew;hadeh
gariing;garing
abiiss;habis
mabokan;mabuk
semempesona;pesona
espektasiku;ekspektasiku
dikembaliin;dikembalikan
hahaa;ketawa
dijadiin;dijadikan
ternyataa;ternyata
yaudalah;yasudah
heuheuheu;ketawa
didakwahin;diberidahwah
mustahill;mustahil
lebaayy;berlebihan
meluli;melulu
pembca;pembaca
perutungan;peruntungan
imho;inmyhumbleopinion
sepertiny;sepertinya
khayalannya;khayalannya
imajinasiny;imajinasinya
seperfect;sempurna
kelisean;klise
cantikk;cantik
capeek;capek
mengurungkan;batal
asyikan;asyik
pualing;paling
tereliye;tereliye
bangets;banget
senikmati;nikmat
hehe;ketawa
wow;kagum
asik;asyik
well;baik
book;buku
ngena;mengena
radit;raditya
inget;ingat
gini;begini
story;cerita
dg;dengan
abik;abi
maksa;memaksa
seneng;senang
fantasy;fantasi
apik;bagus
inspiring;inspirasi
trus;terus
dikit;sedikit
nyangka;menyangka
rekommended;rekomendasi
pake;pakai
emg;memang
cepet;cepat
minjem;meminjam
doang;cuma
ngomongin;membicarakan
my;saya
seruu;seru
read;membaca
sci;scifi
sebel;sebal
for;untuk
bagusan;lebihbagus
sekuelnya;lanjutan
sekuel;lanjutan
too;juga
ekpektasi;ekspektasi
not;tidak
komen;komentar
edan;gila
ngantuk;mengantuk
favorite;favorit
ngebacanya;membaca
filemnya;filmnya
bad;buruk
worth;layak
engga;tidak
thanks;terimakasih
nyangkut;menyangkut
hihi;ketawa
pengin;ingin
ane;saya
excited;senang
indo;indonesia
nemu;temu
english;inggris
gereget;greget
sip;bagus
ma;sama
ngerasain;rasa
gag;tidak
wkwk;ketawa
trend;tren
fiction;fiksi
henti;berhenti
uda;sudah
mending;lumayan
koq;kok
dibikin;dibuat
minim;minimal
ndak;tidak
economy;ekonomi
ud;sudah
nahan;menahan
kaga;tidak
ilang;hilang
pinjem;pinjam
ngebuat;membuat
mnurut;menurut
rapih;rapi
nyantai;santai
pokonya;pokoknya
you;kamu
tlp;telepon
mewek;menangis
cengeng;mudahmenangis
all;semua
nerusin;meneruskan
kesukaan;suka
taun;tahun
nyari;mencari
mumet;pusing
kasi;kasih
fresh;segar
dijelasin;dijelaskan
very;sangat
ciamik;bagus
radith;raditya
beres;selesai
selese;selesai
jugaa;juga
like;seperti
abiss;habis
diceritain;cerita
seremnya;seram
raih;meraih
terngiang;ingat
movie;film
give;memberi
ngejar;mengejar
ngubah;mengubah
two;dua
ngajarin;mengajarkan
pingin;ingin
manggis;menangis
real;nyata
job;kerja
one;satu
spt;seperti
belom;belum
belain;bela
duit;uang
ngepop;pop
ntar;nanti
surprise;kejutan
kesel;kesal
temennya;teman
sebelom;sebelum
unt;untuk
silakan;silahkan
rekomen;rekomendasi
masukin;masukan
pening;pusing
njelimet;rumit
mengobrak;obrak
TRUE;benar
boring;bosan
temui;temu
kagak;tidak
gamblang;jelas
nangkep;tangkap
td;tadi
ngutip;kutip
digembar;digambar
impossible;mustahil
muter;putar
hayut;hanyut
seting;tempat
kesekian;sekian
gokill;gokil
asiknya;asyik
seger;segar
play;mulai
keinget;ingat
maniis;manis
nice;manis
reviewers;reviewer
nutup;menutup
sendainya;seandai
recomended;rekomendasi
cewe;cewek
help;bantu
how;bagaimana
win;menang
works;kerja
girl;cewek
idung;hidung
dilanku;dilan
cowo;cowok
must;harus
musti;harus
nyengir;tersenyum
konklusinya;kesimpulan
thx;terimakasih
rasain;rasa
meriset;penelitian
netesin;meneteskan
nginget;ingat
ngadepin;hadapi
fun;senang
fiksyen;fiksi
fantasynya;fantasi
setahu;tahu
bingit;banget
indoensia;indonesia
trhadap;terhadap
nagih;tagih
parallel;paralel
ninggalin;tinggal
sequel;lanjutan
reading;baca
bangetan;kelewatan
mmapu;mampu
pokoke;pokok
joss;jos
holland;belanda
balance;imbang
itung;hitung
kemaren;kemarin
kerjaan;kerja
milih;pilih
recommend;rekomendasi
novelmu;novel
mw;mau
entar;nanti
ngirim;kirim
gilaa;gila
tw;tahu
ngambang;mengambang
classic;klasik
date;tanggal
diraguin;ragu
yangt;yang
mudahan;mudah
pegel;pegal
fav;favorit
filem;film
fikiran;pikiran
buktiin;bukti
ngalir;alir
five;lima
kugumamkan;bicara
mantep;mantap
notabennya;dasarnya
lu;kamu
tarhadap;terhadap
complete;komplit
emng;memang
naek;naik
kluar;keluar
bbrp;beberapa
kpada;kepada
slalu;selalu
samapai;sampai
ngrasain;merasakan
mebicarakan;membicarakan
bsia;bisa
amaziing;amazing
dont;tidak
kyknya;sepertinya
persahabatn;persahabatan
nasionalisame;nasionalisme
kesetian;kesetiaan
kueerreenn;keren
abeezz;habis
perpus;perpustakaan
gantian;ganti
dann;dan
gakkuat;tidakkuat
prnah;pernah
ketauan;ketahuan
deehh;deh
okee;oke
smuanya;semuanya
bnr;benar
mninggalkan;meninggalkan
sblm;sebelum
seoke;oke
kdg;kadang
manteb;mantap
hadist;hadist
movienya;filmnya
nagis;nangis
blkang;belakang
bgitu;begitu
brpegang;berpegang
momment;momen
negri;negeri
mutusin;memutuskan
magic;magis
romans;roman
filososfi;filosofi
nemenin;menemani
rame;ramai
keliatan;kelihatan
yess;ya
anyarperahu;anyarperahu
alasupernovadan;alasupernovadan
kertasseperti;kertasseperti
seringan;sering
capaian;capai
biarin;biarkan
nyebelin;menyebalkan
ntah;tidakpeduli
ngangenin;kangen
dilain;dilain
bodo;bodoh
ntn;nonton
donk;dong
bacaa;baca
menguatkann;menguatkan
sperti;seperti
ngaku;mengaku
ituu;itu
masi;masih
hrs;harus
ngarep;berharap
kegedean;besar
ckup;cukup
kkuatan;kekuatan
selaluu;selalu
maniss;manis
udahan;sudah
mlebihi;melebihi
smangat;semangat
akn;akan
peraan;peran
diinget;diingat
ngaitkan;mengaitkan
ngapain;apa
moment;momen
banyakan;banyak
diakrabi;akrab
reviewnyaww;review
makasih;terimakasih
minjeminn;pinjam
nyeleseinnya;selesai
disimpen;simpan
nyindir;menyindir
cirikhas;cirikhas
jgn;jangan
twiter;twitter
nopel;novel
sedihh;sedih
konklusi;kesimpulan
punyafeelingapa;punyafeelingapa
puisinyaa;puisinya
whatsap;whatsapp
tebeli;tebal
maafkeun;maafkan
nyelip;selip
seperi;seperti
sesek;sesak
lebai;lebay
ngantok;mengantuk
nangkepnya;nangkapnya
tamaat;tamat
beraat;berat
legaa;lega
akhirnyaa;akhirnya
diikui;diikuti
anatoli;anatomi
selesein;selesaikan
shasyat;dahsyat
dng;dengan
ituh;itu
cape;capek
exposenya;ekspose
suoer;super
lebaay;lebay
bangeett;banget
ngejlimet;rumit
ngebedain;membedakan
tnyt;ternyata
tida;tidak
kungfuw;kungfu
fb;facebook
msh;masih
crita;cerita
berasa;terasa
jelasin;jelas
drpd;daripada
sorii;maaf
manut;ikut
gakk;tidak
plis;mohon
mskipun;meskipun
dahwah;dakwah
maksut;maksud
abisan;habis
ancur;hancur
sex;seks
perhatiin;perhatian
bedua;berdua
cm;cuma
packing;pengemasan
seller;penjual
recomended;direkomendasikan
dah;sudah
order;pesanan
terimakasih;terimakasih
slow;lambat
original;asli
ori;asli
brg;barang
kalo;kalau
overall;keseluruhan
ny;nya
nyampe;sampai
ongkir;ongkoskirim
cpt;cepat
pesen;pesan
paking;pengemasan
retur;dikembalikan
dpt;dapat
dipake;dipakai
no;tidak
trims;terimakasih
tks;terimakasih
packingnya;pengemasannya
bener;benar
tgl;tanggal
full;penuh
tq;terimakasih
rekomended;direkomendasikan
thank;terimakasih
bgus;bagus
rb;ribu
recomend;direkomendasikan
recommend;direkomendasikan
brang;barang
diskripsi;deskripsi
moga;semoga
test;tes
response;respon
sellernya;penjualnya
mantapp;mantap
packaging;pengemasan
gimana;bagaimana
pesenan;pesanan
trimakasih;terimakasih
mantul;mantapbetul
safety;aman
gpp;tidakapaapa
brng;barang
smpai;sampai
bngt;banget
quality;kualitas
nice;mantap
mksh;terimakasih
respons;respon
smpe;sampai
cpet;cepat
gitu;begitu
dtg;datang
aj;saja
bnget;banget
next;berikutnya
kepake;terpakai
best;terbaik
sipp;sip
respond;respon
flashdeal;flashdeal
ngak;tidak
return;dikembalikan
trima;terima
sesui;sesuai
liat;lihat
hrga;harga
hrg;harga
abis;habis
bagusss;bagus
makasi;terimakasih
beneran;benaran
ksh;kasih
ongkirnya;ongkoskirimnya
dll;danlainlain
orderan;pesanan
josss;jos
pass;pas
seauai;sesuai
ngisi;mengisi
aga;agak
hr;hari
mantappp;mantap
pke;pakai
pict;gambar
enggak;tidak
br;baru
diretur;dikembalikan
gede;besar
rp;rupiah
gua;gue
time;waktu
request;permintaan
buyer;pembeli
ngk;tidak
lahh;lah
rekomen;direkomendasikan
merek;merk
lgi;lagi
pngiriman;pengiriman
sma;sama
kenceng;kencang
gx;tidak
packingan;pengemasan
jdi;jadi
cmn;cuma
bnyak;banyak
smg;semoga
nyampenya;sampainya
dlu;dulu
malem;malam
smp;sampai
respont;respon
peking;pengemasan
price;harga
trs;terus
brgnya;barangnya
pack;kemasan
wrna;warna
review;ulasan
psanan;pesanan
sampenya;sampainya
make;pakai
ky;kayak
sesuia;sesuai
gmn;bagaimana
ssuai;sesuai
bahanya;bahannya
cma;cuma
bru;baru
dikasi;dikasih
pic;gambar
tanks;terimakasih
nyampek;sampai
mantapppp;mantap
gada;tidakada
klw;kalau
dngan;dengan
blanja;belanja
lelet;lambat
bangettt;banget
dengn;dengan
pdhal;padahal
mantabs;mantap
murmer;murahmeriah
barangny;barangnya
mantaaap;mantap
same;sama
bales;balas
sampek;sampai
thnx;terimakasih
ati;hati
fto;foto
broo;bro
lngsung;langsung
nggk;tidak
tuker;tukar
bkn;bukan
trnyata;ternyata
mantaaaap;mantap
mngkin;mungkin
gbr;gambar
nga;tidak
yaaa;ya
ajaa;aja
smga;semoga
laah;lah
mmg;memang
mksih;terimakasih
btw;ngomongngomong
barng;barang
dibales;dibalas
lamaaaa;lama
package;pengemasan
okeh;oke
wrn;warna
respone;respon
dngn;dengan
reapon;respon
lh;lah
skali;sekali
trm;terima
krg;kurang
trmksih;terimakasih
murahh;murah
thks;terimakasih
sj;saja
rapet;rapat
overal;keseluruhan
gtu;begitu
komplen;komplain
doank;doang
psnan;pesanan
lmyan;lumayan
pakingnya;pengemasannya
gmbar;gambar
cancel;batal
kyk;kayak
dsni;disini
terim;terima
kk;kakak
cman;cuma
pkonya;pokoknya
sgitu;segitu
pakenya;pakainya
spertinya;sepertinya
kalopun;kalaupun
packingannya;pengemasannya
stlh;setelah
sampi;sampai
abisss;habis
dsini;disini
packagingnya;pengemasannya
rekomend;direkomendasikan
kmn;kemana
kmahalan;kemahalan
kayanya;kayaknya
trimksih;terimakasih
temen;teman
awett;awet
recomendded;direkomendasikan
mkasih;terimakasih
lngsng;langsung
tdak;tidak
gbs;tidakbisa
kerennn;keren
topp;top
pesannan;pesanan
dipacking;dikemas
picture;gambar
wkt;waktu
sampaii;sampai
mhon;mohon
fastrespon;responcepat
recomd;direkomendasikan
respin;respon
mmuaskan;memuaskan
syang;sayang
sesuwai;sesuai
sblmnya;sebelumnya
hny;hanya
trim;terima
hri;hari
seler;penjual
terua;terus
syg;sayang
dtng;datang
sesusi;sesuai
pngriman;pengiriman
lm;lama
ksih;kasih
binits;banget
peasanan;pesanan
lsg;langsung
sngaat;sangat
pngirimn;pengiriman
pavkingnya;pengemasannya
banged;banget
nyalon;mencalonkan
pak;bapak
saaaangat;sangat
ngefek;efek
ARB;aburizal bakrie
jokowi;joko widodo
aje;saja
mulu;terus
narik;menarik
pmilih;pemilih
ntahlah;entah
beeeud;banget
bewok;brewok
munafiqqun;munafik
bloon;bodoh
prnh;pernah
sby;susilo bambang yudhoyono
ms;masa
nyoblos;coblos
it;itu
mngndlkn;kendali
taon;tahun
jk;jusuf kalla
toladan;teladan
segnipikan;signifikan
kss;kasus
hsl;hasil
msti;mesti
snang;senang
psangan;pasangan
pede;percaya diri
mang;memang
spa;siapa
tnyta;ternyata
mju;maju
met;selamat
wakik;wakil
nyenengin;menyenangkan
bgtu;begitu
gemess;gemas
akuu;aku
woww;wow
aminn;amin
netaas;menetas
keberpa;keberapa
eeeehhhh;eh
kata2nyaaa;kata-katanya
hallo;halo
kaka;kakak
ka;kak
daah;dah
aaaaahhhh;ah
amiin;amin
sii;sih
akuuu;aku
gemesiin;menggemaskan
menyenangkn;menyenangkan
akau;aku
saranin;menyarankan
mnis2nya;manis-manisnya
idolaa;idola
kaakk;kak
baaiikkk;baik
telaatt;telat
kaak;kak
skarang;sekarang
ngga;enggak
loohhh;loh
yeee;ya
baguuuuus;bagus
ngikutin;mengikuti
gayany;gayanya
bnk;bang
awaas;awas
siip;sip
abizzzz;habis
kerrrrennnn;keren
pengen;pengin
kpan;kapan
sdkit;sedikit
lgu;lagu
bener2;benar-benar
kharismanya;karismanya
gk;enggak
kek;kayak
lgunya;lagunya
kereeeeennnn;keren
nyamain;menyamakan
lakik;laki
siippp;sip
kereeen;keren
wihhhhhh;wih
bingitsss;banget
dmn;dimana
bird;biru
kaloo;kalo
gimna;bagaimana
tuuh;tuh
nyebur;mencebur
dbuat;dibuat
kn;kan
pingin;pengin
bangcat;bangsat
waoohhh;wah
pngn;pengin
dhe;deh
indahhh;indah
bgttt;banget
tuhh;tuh
berarto;berarti
ga;enggak
aamiin;amin
amiiinn;amin
aminnnn2;amin-amin
amiiiin;amin
aminnn;amin
amiend;amien
ameen;amin
aminnnn;amin
amiiinnn;amin
ngomong;mengomong
mamer;memamerkan
keles;kali
jelase;jelas
uwakk;uwak
ntar;entar
salfok;salahfokus
njir;anjir
piiink;pink
astgfrullah;astagfirullah
ko;kok
cd;celanadalam
gbs;enggakbisa
yaaaaaa;ya
gak;enggak
bangshad;bangsat
stagahhhh;astaga
iooo;lo
dy;dia
d;ada
mslh;masalah
qt;kita
plampiasannn;pelampiasan
masalahh;masalah
tohh;toh
inghinn;ingin
dhi;di
mengherthii;mengerti
yanckh;yang
chelalyyu;selalu
therchakitty;tersakiti
mauuuuu;mau
kaliii;kali
bangat;banget
bkin;bikin
dongg;dong
yokkk;yuk
yu;yuk
sweger;segar
gantengg;ganteng
bingiit;banget
kebukaaa;terbuka
yakk;ya
kayakk;kayak
asliii;asli
cntiknya;cantiknya
bat;banget
ngeliatnya;melihatnya
sll;selalu
bet;banget
njerr;anjir
bingiiittttzzzz;banget
k;kak
klo;kalo
dooong;dong
gni;begini
hdk;hendak
mksud;maksud
mbakx;mbaknya
syantik;cantik
kite;kita
pa;apa
mksd;maksud
bejilbbnya;berjilbabnya
masio;masih
yahhh;ya
leh;boleh
ugaaa;juga
jerewi;jerawat
jilbabnyaah;jilbabnya
yuuuk;yuk
warnaaa;warna
punyaaa;punya
cantiik;cantik
sukaaak;suka
kebayanyaa;kebayanya
mantes;memantas
merekaaaa;mereka
jugaaa;juga
gilaaaa;gila
tiga2nya;tiga-tiganya
lucuu;lucu
emessss;gemas
ucullllll;lucu
males;malas
bangeettt;banget
gemesshh;gemas
apaaa;apa
ampuunn;ampun
ciuuuummmm;cium
mbil;sambil
ngmng;mengomong
ngemeng;mengomong
epe;apa
seehh;sih
yank;sayang
ucul;lucu
yahh;ya
gw;gue
ngakak;mengakak
astagfirrullah;astagfirullah
suerrr;suer
ntik;cantik
pny;punya
suru;suruh
lucuuuu;lucu
ketawakkkk;ketawa
kyanya;kayanya
nakutin;menakutkan
malingg;maling
cocokk;cocok
niihh;nih
imutttttt;imut
satuuuuu;satu
sesekk;sesak
nafass;nafas
bgtt;banget
cintaaaaaaa;cinta
lucuk;lucu
duluu;dulu
megang;memegang
kawinin;mengawini
liatin;memperlihatkan
bdan;badan
nyaaa;nya
gemesin;menggemaskan
fotoin;memfoto
kaaa;kak
ganteng2;ganteng-ganteng
pcarny;pacarnya
kri;kiri
knpa;kenapa
pda;pada
cmn;cuman
gara2;gara-gara
garuk2;garuk-garuk
tembokk;tembok
namax;namanya
kiriii;kiri
bungkusin;bungkuskan
atu;satu
dehhhh;deh
kakk;kak
ngegantiin;menggantikan
alloh;allah
trsa;terasa
khadirannya;kehadirannya
hayalanku;khayalanku
nton;menonton
ngapain;mengapai
surgaa;surga
kangenn;kangen
kgn;kangen
kakkkkk;kak
rinduuuuuuuuu;rindu
ninggalin;meninggalkan
terangkhn;terangkan
bgtttt;banget
tuk;untuk
slama;selama
orng;orang
bngunlah;bangunlah
bngun;bangun
ea;ya
qu;ku
hiri;hari
"teman""ny";teman-temannya
aza;saja
alm;almarhum
sie;sih
benet;benar
bangetttt;banget
tuu;tuh
skrang;sekarang
gda;enggakada
gantiin;menggantikan
kta;kata
kklau;kalau
acra;acara
kasian;kasihan
bnerr;benar
emk;emak
temenn;teman
pngenn;pengin
terkenall;terkenal
ajhh;saja
sungguh2;sungguh-sungguh
mnjadi;menjadi
shbt;sahabat
bner;benar
ktny;katanya
dimusiumin;dimuseumkan
bntu;bantu
kangem;kangen
amiiin;amin
slmt;selamat
jln;jalan
"mudh""an";mudah-mudahan
tenny;tenang
tnya;tanya
bole;boleh
lahhh;lah
kmrn;kemarin
lht;lihat
biasa2;biasa-biasa
mnrtkuu;menurutku
ikutin;mengikuti
jdwl;jadwal
wajiiib;wajib
aaaammmiiiinnnn;amin
dtnggu;ditunggu
jan;jangan
kunjungin;kunjungi
lagiiii;lagi
waktunyaaa;waktunya
diluangin;diluangkan
mimin;admin
istimewaaa;istimewa
nangis;menangis
"ngaku""";mengaku-ngaku
diaa;dia
donkk;dong
yaaaa;ya
seru2an;seru-seruan
mohom;mohon
kebalas;terbalas
ikutin;ikuti
nyempetin;menyempatkan
wktunya;waktunya
kaaaa;kak
ngobrol;mengobrol
namain;menamai
ijap;ijab
kobul;kabul
co;cowok
pst;pasti
inggat;ingat
brdua;berdua
masing2;masih
sanggat;sangat
siipp;sip
laa;lah
hdup;hidup
hdp;hidup
kedpan;kedepan
mndaptkan;mendapatkan
"nutup""in";menutup-nutupi
liatin;perlihatkan
iyah;iya
sja;saja
kakkk;kak
za;saja
mulut2;mulut-mulut
peengn;pengin
tuch;tuh
muantteepp;mantap
mrit;merit
y;ya
ngapasih;mengapasih
segitunya;sebegitunya
sisain;menyisakan
slamt;selamat
nantiii;nanti
edaaan;edan
tunggu2;tunggu-tunggu
sehat2;sehat-sehat
ciyeeeeeee;cie
lairannya;kelahirannya
jmnya;jamnya
ajha;saja
nyaaaa;nya
amiien;amien
terbaikkk;terbaik
ayahh;ayah
ae;saja
ndak;indak
mrekaaaa;mereka
yaampuuuunnnn;yaampun
nyanyiin;menyanyikan
ahhh;ah
pgen;pengin
tempt;tempat
kh;kah
bgini;begini
jalan2;jalan-jalan
asyikkkkk;asyik
iriiiii;iri
ngajak;mengajak
naaaaahh;nah
kka;kakak
ttep;tetap
jrang;jarang
gossip2.an;gosip-gosipan
makkk;mak
guee;gue
pengennn;pengin
gilzz;gila
nyaru;menyaru
gilaaa;gila
kebarat2an;kebarat-baratan
ohh;oh
mantabs;mantab
jgan;jangan
mlu;malu
payahh;payah
ntaf;mantap
"mudah""n";mudah-mudahan
gada;enggakada
milikin;memiliki
kamo;kamu
inih;ini
sukaaaa;suka
sukaaaaaa;suka
kirain;mengira
mehoonggggg;mahal
apikkkk;apik
yach;ya
ginii;begini
ayoook;ayo
yoiii;yoi
gituuu;begitu
iyaaa;iya
pgn;pengin
liptsk;lipstik
nyeplak;menjiplak
cw;cewek
kmarin;kemarin
mengncang;mengencang
tauu;tau
ank;anak
skitar;sekitar
ktmu;ketemu
ats;atas
heii;hai
diputusin;diputuskan
pcrnya;pacarnya
mnjual;menjual
ngadain;mengadakan
kkak;kakak
sihhh;sih
cooocok;cocok
mrip;mirip
mama.nyy;mamanya
bosenin;membosankan
kmu;kamu
bukn;bukan
sey;sih
cantikkk;cantik
banger;banget
kaa;kak
eakyu;waktu
cntik;cantik
kakanya;kakaknya
doeloe;dulu
cantikkkk;cantik
bngtt;banget
iyak;iya
malh;malah
mlah;malah
laki2;laki-laki
gag;enggak
fhotonya;fotonya
bleh;boleh
tnggl;tanggal
tanteny;tantenya
ky;kaya
sklinyaa;sekalinya
ayoo;ayo
w;gue
dramaa;drama
niiih;nih
bisaa;bisa
lha;lah
dunk;dong
lihaat;lihat
yuwkkk;yuk
nnti;nanti
editannn;editan
thu;tuh
mai;mau
kamuu;kamu
pastii;pasti
bisaaa;bisa
kejuu;keju
nama.a;namanya
kmauan;kemauan
ahhhh;ah
yuuuuk;yuk
dmana;dimana
disiniii;disini
bayangin;bayangkan
yaudh;yasudah
dl;dulu
ajaaa;saja
tuhhh;tuh
amploppp;amplop
mo;mau
sayangg'';sayang-sayang
nantii;nanti
aminnnnn;amin
gakuat;enggakkuat
yukkkk;yuk
nged;banget
nantik;nanti
ksitu;kesitu
liad;lihat
kluarga;keluarga
biasahhh;biasa
tutorialx;tutorialnya
dpke;dipakai
fhoto;foto
binggo;banget
rekomndd;rekomendasi
bli2n;beli-belikan
wado;waduh
guaa;gua
yaakkk;ya
bangetttttyt;banget
bangettttt;banget
bangg;bang
kangeeeeeeeeennnnnnnn;kangen
kaliannnnnn;kalian
rinduuuuuuuuuu;rindu
kangennnnnmnnnnnnnnnnnnnnnnn;kangen
kaliannnnnm;kalian
kangeeeeeeeeeeennnnn;kangen
kangennnnnnnnnnnnnnnn;kangen
kangennn;kangen
kaliannnnnnn;kalian
th2;tahun-tahun
smpt;sempat
blg;bilang
trserah;terserah
ad;ada
cwo;cowok
wlwpun;walaupun
trpsah;terpisah
prsatukn;persatukan
g;enggak
slh;salah
ngomng;mengomong
mdh2an;mudah-mudahan
skedar;sekadar
kangeeerrn;kangen
pulak;pula
terrrrbaik;terbaik
jorookknya;joroknya
ihhhhh;ih
padahall;padahal
jorokkkk;jorok
mualll;mual
klow;kalau
muke;muka
ajh;saja
taiiii;tahi
seneeeeeng;senang
besarin;membesarkan
tanyang;tayang
ber2;berdua
ngelarang;melarang
kerreeen;keren
pantess;pantas
bngettt;banget
baperr;bawaperasaan
sudh;sudah
sbr;sabar
pngen;pengin
nntn;menonton
ht;hati
pemainy;pemainnya
aqu;aku
ngeliat;melihat
baper;bawaperasaan
kbawa;terbawa
bradegan;beradegan
amiiinnnn;amin
mlm;malam
nikahin;menikahi
hadeuh;aduh
nyambung;menyambung
liyat;lihat
sk;suka
adengan;adegan
engga;enggak
dapetin;mendapati
model2;model-model
sitayngin;ditayangkan
cocokkk;cocok
mahhhh;mah
cocokny;cocoknya
iniw;ini
q;ku
setju;setuju
bnern;benaran
pcrn;pacaran
klian;kalian
cocokkkk;cocok
bngett;banget
abes;habis
mksdny;maksudnya
brpa;berapa
ihh;ih
kesampean;kesampaian
beginiiii;begini
ntr;entar
beliin;membelikan
kya;kaya
keq;kek
sygkuu;sayangku
ngeselin;mengesalkan
baju'a;bajunya
gara'';gara-gara
teruss;terus
pokok'a;pokoknya
ubur2;ubur-ubur
kuyy;yuk
bentarr;bentar
dureen;duren
ajibb;ajib
mahall;mahal
yukk;yuk
niiihh;nih
imuuttt;imut
imuttzz;imut
nha;nya
konten2;konten-konten
rasain;rasai
daaaah;deh
asliiii;asli
cantiknnnnyaaaaaaa;cantiknya
yuuk;yuk
ngelihatnya;melihatnya
bdn;badan
na;nya
ibu2;ibu-ibu
lau;kau
sexxi;seksi
bulet;bulat
ngocok;mengocok
gn;begini
yaahhh;ya
kencqng;kencang
kra;kira
diginikan;dibeginikan
"coret""";coret-coret
gambarin;gambarkan
ngerii;ngeri
digambarin;digambarkan
klen;kalian
bangke;bangkai
kog;kok
liatnya;lihatnya
bedanyaaa;bedanya
mbk;mbak
pgin;pengin
krudungan;kerudungan
ajaa;saja
maksutku;maksudku
kerennnnn;keren
njirr;anjir
jd'y;jadinya
manisnyaaaa;manisnya
thun;tahun
mbg;mbak
bangeet;banget
ngaco;mengaco
ngomen;mengomentari
kaaakk;kak
gituh;begitu
tenggah;tengah
uuuuuaaaaaaaaaappppppppppiiiiiiiiiiiiiiiiiikkkkkkkkkkkkkkkk;apik
kocakkkkkkkkkkkkkk;kocak
ksukaanmuuu;kesukaanmu
bagiii;bagi
ayooo;ayo
nontonx;menontonnya
pi;tapi
penasarannnn;penasaran
gilakkkkkk;gila
mauuu;mau
nontoonnn;menonton
cepet2;cepat-cepat
kepingin;pengin
nontonnnn;menonton
deeek;dek
ntappp;mantap
deg2an;deg-degan
cyiiin;cinta
iyha;iya
kureeeen;keren
muantaap;mantap
ngantri;mengantri
nraktir;mentraktir
nonton;menonton
sbnyak;sebanyak
penasaraaann;penasaran
ayoooo;ayo
nii;ini
nontonya;menontonnya
nunggu;menunggu
qta;kita
peen;pengin
lw;lu
gga;enggak
yaah;ya
asikkk;asik
gilak;gila
mcm;macam
ceritax;ceritanya
yoooiii;yoi
daah;deh
kuy;yuk
udahh;sudah
tauuuuu;tau
sabarrrrr;sabar
kqmu;kamu
banggain;banggakan
thn;tahun
pengan;pengin
sendeng;senang
simpen;simpan
gakk;enggak
bagiin;bagikan
nanggepin;menanggapi
kapn;kapan
barang2;barang-barang
kirimin;mengirimi
senengin;senangi
ngasih;mengasih
ampunnnn;ampun
bln;bulan
senengg;senang
teruzzz;terus
mantabb;mantab
sumpahh;sumpah
diluarann;diluaran
trbaik;terbaik
dlam;dalam
anjirrrr;anjir
jendess;janda
dh;deh
sichh;sih
namnya;namanya
geh;gih
nggak;enggak
22nya;dua-duanya
aduuhhh;aduh
miripp;mirip
silauuu;silau
waww;wow
uga;juga
njiirr;anjir
kesinii;kesini
gemay;gemas
dstu;disitu
wiiiihhhh;wih
samoga;semoga
kereennn;keren
wahh;wah
nyangkaa;menyangka
hasilnyaaa;hasilnya
dahhhh;dah
mudah2;mudah-mudah
jugaakk;juga
diapa2in;diapa-apai
yaak;ya
lhoo;loh
donx;dong
gthu;begitu
nda;indak
maauuu;mau
pacarrr;pacar
idamann;idaman
naturalllll;natural
berntung;beruntung
merka;mereka
jln2;jalan-jalan
romntis;romantis
slamat;selamat
ulan;ulang
th;tahun
klau;kalau
diksi;dikasih
jugak;juga
nungguin;menunggu
keciill;kecil
ughaa;juga
"tante""";tante-tante
abeees;habis
kapan2;kapan-kapan
adain;mengadakan
bosen2;bosan-bosan
sempurnaaaaa;sempurna
kaan;kan
kece2;kece-kece
badaaiii;badai
beneraan;benaran
cantiiik;cantik
kuatttt;kuat
cantiiiiiiik;cantik
cantiknyaaa;cantiknya
bae2;baik-baik
bgd;banget
mb;mbak
catiiiiik;cantik
subahanallah;subhanallah
jaman2nya;jaman-jamannya
padet;padat
buktiin;buktikan
cantiq;cantik
"pasien""nya";pasien-pasiennya
lohh;loh
keeeerrrreeeennnnnnnnn;keren
woow;wow
choker2;choker-choker
buktiin;membuktikan
hadirrr;hadir
hadirr;hadir
jelashh;jelas
sekali2;sekali-kali
mbaaa;mbak
hidupppp;hidup
diliatnya;dilihatnya
abis2;habis-habis
gpp;enggakapa-apa
para2;parah-parah
bangeeet;banget
allahhhhhhh;allah
gemesnya;gemasnya
ilang2;hilang-hilang
kmi;kami
ngilangin;menghilangkan
tbuh;tubuh
itungan;hitungan
ledekin;ledeki
repot2;repot-repot
oles2;oles-oles
dptkan;dapatkan
artis2;artis-artis
kalii;kali
ninggiin;meninggikan
baget;banget
kira2;kira-kira
ahh;ah
pas2an;pas-pasan
balesin;membalas
gausah;enggakusah
sukaaa;suka
lutuna;lucunya
ciapa;siapa
gemesss;gemas
duhh;duh
terharuuu;terharu
alamii;alami
ckrng;sekarang
ngegemesin;menggemaskan
imoet;imut
imut2;imut-imut
jagain;jaga
yahbh;ya
msih;masih
macem2;macam-macam
neko2;neko-neko
sktika;seketika
lutu;lucu
wowwww;wow
massss;mas
kesiniii;kesini
"keren""";keren-keren
"jalan""nya";jalan-jalannya
masyaallahhh;masyaallah
ksni;kesini
begok;bego
bkan;bukan
jgk;juga
bawak;bawa
nti;nanti
pgi;pagi
keeeeeren;keren
baguusss;bagus
nahannnn;tahan
bagaatt;banget
gayannxa;gayanya
kereeeen;keren
ngekeh;kekeh
xlian;kalian
b3;bertiga
ihhh;ih
lcu;lucu
koplakkk;koplak
kerass;keras
yachhh;ya
gokil;gila
ngelihat;melihat
ngelawak;melawak
iiihhhhh;ih
nyolotinnnn;menyolot
beratttttttt;berat
cantiikkkk;cantik
hijaabbb;hijab
smnagatin;menyemangati
pakek;pakai
kanapa;kenapa
cans;cantik
banhet;banget
bgttttttt;banget
blng;bilang
mngasi;mengasih
kmbang;kembang
pg;pagi
nie;ini
pla;pula
kw;kau
blakon;berlakon
nmpk;nampak
bngtzt;banget
lucukkkkk;lucu
sbelah;sebelah
baek;baik
ciusss;serius
palinf;paling
maak;mak
ngakaaaakkk;mengakak
gokill;gila
kocakkkkkk;kocak
ngekek;mengekek
capee;cape
pegangin;memegang
nyender;menyandar
manjain;memanjakan
peleotin;meleot
bng;bang
termurahhhh;termurah
nyatakan;menyatakan
graaatiiiis;gratis
meriahh;meriah
cantikkkm;cantik
parahh;parah
bingits;banget
yuppss;ya
onoh;sono
bnyk;banyak
anakny;anaknya
staf2nya;staf-stafnya
begete;banget
aduhh;aduh
manteppp;mantap
hati2;hati-hati
jangan2;jangan-jangan
kata2nya;kata-katanya
ynk;sayang
"nangis""";menangis-nangis
"hati""";hati-hati
"jangan""";jangan-jangan
emank;memang
jagain;menjaga
cr;cara
diemin;diamkan
hancurin;menghancurkan
ckp;cukup
mgkn;mungkin
diapain;diapakan
ms;masih
haragain;menghargai
cb;coba
nyakitin;menyakiti
sbaiknya;sebaiknya
mngerti;mengerti
blajar;belajar
fakta2;fakta-fakta
nilai2;nilai-nilai
buka2;buka-buka
nyinyirin;nyinyir
nyerang;menyerang
mrk;mereka
ngomomg;mengomong
kbetulan;kebetulan
orgtuanya;orangtuanya
ngamatin;mengamati
ngintip;mengintip
stelah;setelah
sndiri;sendiri
ngintilin;mengintil
smnjak;semenjak
trbukti;terbukti
nyambet;menyambat
msk;masuk
krmh;kerumah
rmh;rumah
bo'ong;bohong
eloo;lo
apa2nya;apa-apanya
goblokkk;goblok
sesatt;sesat
ibliss;iblis
elo;lo
kbiasaan;kebiasaan
hdpnya;hidupnya
anknya;anaknya
tdr;tidur
sbuah;sebuah
anak2nya;anak-anaknya
tdnya;tadinya
ank2nya;anak-anaknya
milih;memilih
branjak;beranjak
ank2;anak-anak
masyarakay;masyarakat
mudah2an;mudah-mudahan
menegerti;mengerti
apa2;apa-apa
sok2;sok-sok
nasehatin;menasihati
ngaca;mengaca
ajah;saja
kakkkk;kak
slamet;selamat
nari;menari
ehh;eh
mf;maaf
ngcpin;mengucapkan
woowwww;wow
iaa;ya
kebagi;terbagi
univ;universitas
maen;main
wihh;wih
tetapppp;tetap
gantenggg;ganteng
jakety;jaketnya
skli;sekali
kli;kali
pala;kepala
pusingggg;pusing
pucing;pusing
ihhhh;ih
maho;manusiahomo
gantng;ganteng
alak;kepala
hilangv;hilang
bungggg;bung
gapap;enggakapa-apa
kyak;kayak
pling;paling
gokiiill;gila
busedh;buset
gokilnya;gilanya
duluuu;dulu
keceee;kece
nyaa;nya
duuhhh;duh
amiiiiinnnnn;amin
tullus;tulus
tw;tau
pluk;peluk
durhaka2;durhaka-durhaka
"seburuk""";seburuk-buruk
ortu;orangtua
ktaa;kita
yup;ya
tetaplaah;tetaplah
q;aku
ajja;saja
oprasi;operasi
gya;gaya
kndung;kandung
sbg;sebagai
ksenangan;kesenangan
ddpt;didapat
jwab;jawab
mmbodohkan;membodohkan
orlaen;oranglain
aplikasiin;mengaplikasikan
berangat;berangkat
praktekin;mempraktikkan
dahh;dah
omdo;omongdoang
kate;kata
cabe2;cabe-cabe
prjuangan;perjuangan
kmewahan;kemewahan
stimpal;setimpal
ddpat;didapat
mnilai;menilai
kata2;kata-kata
usahh;usah
segala2nya;segala-galanya
sekarng;sekarang
masing2;masing-masing
mkanya;makanya
hay;hai
mreka;mereka
bhagia;bahagia
korek2;korek-korek
ngebales;membalas
sihh;sih
sasama;sesama
cabe2an;cabe-cabean
terong2an;terong-terongan
seklian;sekalian
tuuu;itu
ngurusan;mengurusi
campurin;mencampuri
emnknya;memangnya
py;punya
unyuu;unyu
mrangkul;merangkul
adlh;adalah
wlo;walau
manusiy;manusia
tx;tak
samara;sakinahmawadahrahman
teringt;teringat
trmsuk;termasuk
dn;dan
pilihnmu;pilihanmu
swmntara;sementara
trmasuk;termasuk
orang2;orang-orang
liht;lihat
suaminy;suaminya
jadulnya;jamandulunya
mantaff;mantap
ngata2in;mengata-ngatai
bagaimna;bagaimana
mulusssss;mulus
gmana;bagaimana
kpleset;kepleset
yawlah;yaallah
kepeleset;kepleset
kayanye;kayanya
amiinnnn;amin
komen2an;komen-komenan
wewww;wow
dumsss;dong
tar;entar
keq;kayak
perbaikin;memperbaiki
permasalhkan;permasalahkan
betul2;betul-betul
jauhin;jauhi
dateng;datang
adiik;adik
manisss;manis
"besar""";besar-besar
"masing""";masing-masing
ddlm;didalam
kmbali;kembali
dkuburnya;dikuburnya
fi;di
kl;kalo
critamu;ceritamu
ja;saja
dh;dah
bres;beres
cmkn;camkan
diurusin;diurusi
kale;kali
donks;dong
"membanding""";membanding-banding
mengperbolehkan;memperbolehkan
krena;karena
ngri;negeri
"dingin""";dingin-dingin
lma;lama
dibangga'in;dibangga-banggakan
ngebolehin;membolehkan
denger;dengar
"jelek""in";menjelek-jelekkan
stiap;setiap
gausa;enggakusah
maksain;memaksakan
smog;semoga
mnerima;menerima
baikxa;baiknya
aaamin;amin
amienn;amien
sekangen2;sekangen-kangen
kt;kita
amiiiiiiiiiinnnnnnn;amin
nolongin;menolong
amiiiiiiiiiiin;amin
seluru;seluruh
amiennn;amien
tebir;ribet
doangam;doang
"tebir""";ribet-ribet
amad;amat
mkst;maksud
wong2;wong-wong
rempong;repot
ngurusin;mengurusi
kerjaan;pekerjaan
bingittzz;banget
ikh;ih
dwh;deh
nengok;menengok
bante;bantai
la;lah
komenannya;komentarnya
hadapin;menghadapi
dengarin;mendengarkan
ush;usah
cock;cocok
widihh;waduh
mantepp;mantap
cita2;cita-cita
temen-temen;teman-teman
stu;satu
syratnya;syaratnya
pnjang;panjang
shat;sehat
inginkn;inginkan
belanjaa;belanja
burem;buram
ngerasain;merasai
kancang;kencang
tmbh;tambah
mansyoallah;masyaallah
canttttikkk;cantik
subhanalloh;subhanallah
saranin;sarankan
lkuin;lakukan
langgenh;langgeng
foto2nya;foto-fotonya
tanggung2;tanggung-tanggung
salluutt;salut
pkai;pakai
org2;orang-orang
mkn;makin
pdng;padang
warbiyasah;luarbiasa
keedaannya;keadaannya
lagu2;lagu-lagu
saya2;saya-saya
sekrng;sekarang
lagu2nya;lagu-lagunya
ttap;tetap
mrah;marah
gra2;gara-gara
sngaja;sengaja
jlek;jelek
udah2;sudah-sudah
ungkit2;ungkit-ungkit
pura2;pura-pura
gatau;enggaktau
curhat2;curhat-curhat
matany;matanya
dteng;datang
mata'y;matanya
baju2;baju-baju
buruannn;buruan
perubut;perebut
sumai;suami
tk;tak
urusin;mengurusi
apah;apa
bagus2;bagus-bagus
say;sayang
mmbela;membela
mslhnya;masalahnya
hnya;hanya
sndri;sendiri
llki;lelaki
dluar;diluar
sna;sana
boleh2;boleh-boleh
dya;dia
maluuuu;malu
beda2;beda-beda
nyaranin;menyarankan
x;kali
tongolin;menongol
cabol;cabul
ape;apa
nyet;monyet
muna;munafik
jing;anjing
tot;entot
nihh;nih
hidiyah;hidayah
percya;percaya
bgi;bagi
sdri;sendiri
tdi;tadi
bhwa;bahwa
skaligus;sekaligus
y;saya
cek2;cek-cek
spti;seperti
smakin;semakin
sbgai;sebagai
mgk;mungkin
bgmn;bagaimana
sapa2;sapa-sapa
sama2;sama-sama
kyknya;kayaknya
termurahhh;termurah
bhw;bahwa
banyaaaaaak;banyak
baik2nya;baik-baiknya
tunjukan;tunjukkan
anak2mu;anak-anakmu
anak2;anak-anak
ngasih2;mengasih-ngasih
berfikir;berpikir
ni;nih
amit2;amit-amit
mba;mbak
elu;lu
ngajuin;mengajukan
tiba2;tiba-tiba
jkt;jakarta
terbaeq;terbaik
namany;namanya
jels;jelas
diakibtkn;diakibatkan
suk;suka
jelek2;jelek-jelek
dsrny;dasarnya
jkrta;jakarta
benar2;benar-benar
main2;main-main
lanjutkaaaaan;lanjutkan
hiduppp;hidup
ncek;encek
majuuu;maju
teruuss;terus
kdg2;kadang-kadang
looohh;loh
sebelumbya;sebelumnya
tunjukin;tunjukkan
"tahun""";tahun-tahun
koment;komentar
hokiii;hoki
naksir;menaksir
"bangt""";banget-banget
nafkahin;menafkahi
ngitem;menghitam
banyaaaak;banyak
"sama""";sama-sama
gx;enggak
lhat;lihat
cantika;cantik
cwek;cewek
kngen;kangen
fillm;film
sinet;sinetron
jendral;jenderal
nanya;tanya
maenya;mainnya
cantiks;cantik
pilm;film
nd;indak
slah;salah
beliin;belikan
cini;sini
jaaangan;jangan
nambah;bertambah
terimaksih;terimakasih
inii;ini
kaannnn;kan
tidakkkk;tidak
kemuh;kamu
da;sudah
keren2;keren-keren
sby;surabaya
pinginnn;pengin
ketemuuu;ketemu
kebawa;terbawa
mimpiii;mimpi
wanjerrr;anjir
satupunn;satupun
motret;memotret
temen2;teman-teman
lapakk;lapak
nyeniii;menyeni
bget;banget
seeh;sih
deuhh;duh
b2an;berduaan
dihargain;dihargai
"engga""";enggak-enggak
tahun2;tahun-tahun
lebayy;lebay
gilsss;gila
nganbek;mengambek
enk;enak
mendam;memendam
manta;mantan
relaaaa;rela
bgun;bangun
tdur;tidur
cntk;cantik
knl;kenal
anugrah;anugerah
slm;salam
kliatan;kelihatan
awoohhh;allah
cantiikk;cantik
gt;begitu
sbbyak;sebanyak
apun;apapun
nyangkutnya;menyangkutnya
untk;untuk
ampunnnnn;ampun
hy;hai
wadaaw;waduh
sampw;sampai
dijelekin;dijelekkan
azeeeek;asik
ntikk;cantik
uhh;uh
mayan;lumayan
mnisss;manis
tambahim;tambahkan
tambahin;tambahkan
"bener""";benar-benar
make;memakai
canttikkk;cantik
baanggeettt;banget
ap;apa
siiihh;sih
krpoooo;kepo
pengn;pengin
nyusul;menyusul
nyok;yuk
dekkk;dek
da;ada
ngiri;mengiri
mmang;memang
nentuin;menentukan
mnjmput;menjemput
ygs;sayang
dahh;deh
mblooo;jomblo
ber'expresi;berekspresi
jdulnya;judulnya
ciumman;ciuman
aurot;aurat
laginy;laginya
nyaaaaaaaaaaaaa;nya
alkhamdulilah;alhamdulillah
ktnya;katanya
anjirrr;anjir
ngeh;engah
amen;amin
qm;kamu
nahhh;nah
ngmngnya;mengomongnya
sampai2;sampai-sampai
hal2;hal-hal
komunitas2;komunitas-komunitas
fotony;fotonya
halllo;halo
ngiritya;mengiritnya
hematt;hemat
ciyeeee;cie
yeeee;ya
nget;banget
kususnya;khususnya
krm;kirim
sam;sama
ajaaahhhhh;saja
syediiihhh;sedih
malangg;malang
belooomm;belum
yaakk;ya
kebukti;terbukti
anak2e;anak-anaknya
tuwanya;tuanya
comen2nya;komen-komennya
pedesssss;pedas
jelas2;jelas-jelas
skg;sekarang
nyebut2;menyebut-nyebut
plg;pulang
smbil;sambil
hellooooooo;halo
ngrebut;merebut
mnjdi;menjadi
taek;tahi
bangkret;bangkrut
taekk;tahi
lahhhhhh;lah
kedokk;kedok
"mati""an";mati-matian
nyimak;menyimak
komenx;komennya
serem2;seram-seram
"ngumpet""";mengumpet-ngumpet
blim;belum
sekrang;sekarang
ngerebut;merebut
mnjijikaaaaaan;menjijikkan
astgfrlh;astagfirullah
sahabatt;sahabat
gnyngka;enggakmenyangka
sendirir;sendiri
brengsekk;brengsek
ngomentnya;mengomentarinya
nusuk;menusuk
skr;sekarang
dpotong;dipotong
helo;halo
kmrin;kemarin
ngmgin;mengomongkan
bilangg;bilang
gkhianati;mengkhianati
kpd;kepada
sp;siapa
pljaran;pelajaran
spy;supaya
mngikuti;mengikuti
klkuan;kelakuan
dibikin2;dibikin-bikin
nnt;nanti
cew;cewek
cow;cowok
kasiannn;kasihan
syekaliii;sekali
hgga;hingga
cieeeee;cie
sholihah;salihah
adeuh;aduh
halahh;alah
luu;lu
yuuks;yuk
yoo;ayo
ginian;beginian
judulnyaa;judulnya
ayoookkkkkk;ayo
artix;artinya
lt;lantai
"nama""";nama-nama
cwe;cewek
serem;seram
kepoin;mengepoi
gajelas;enggakjelas
mbak2;mbak-mbak
pedes;pedas
komentnya;komentarnya
omongin;mengomongkan
ngalirrrrr;mengalir
nmbah;bertambah
terossss;terus
ngehujat;menghujat
dosaa;dosa
ngebela;membela
seindonesiyah;seindonesia
seh;sih
senyumin;senyumi
mh;mah
ngalir;mengalir
ngrusak;merusak
px;punya
kslhn;kesalahan
skrngnya;sekarangnya
kalik;kali
bilangin;bilang
nyambungin;menyambung
sllu;selalu
scra;secara
nggali;menggali
cmpur;campur
dgr;dengar
kurng;kurang
nangiiiiis;menangis
nangiiis;menangis
ngomentarin;mengomentari
idupnya;hidupnya
ortunya;orangtuanya
woey;woy
bloghhh;goblok
ngomongin;mengomongkan
"abal""";abal-abal
dikata2in;dikata-katai
ngehina;menghina
gmna;bagaimana
kebanggan;kebanggaan
dah;deh
jngn;jangan
mnjawab;menjawab
woooiiiiiiii;woy
dosaaaaaaaaaa;dosa
ingt;ingat
karmaaa;karma
woooiiiii;woy
ngkkkkkk;mengakak
makny;maknya
wdooohhh;waduh
kasihn;kasihan
lhirr;lahir
hujatann;hujatan
palgi;apalagi
wihhh;wih
kakakkk;kakak
jt;juta
ngets;banget
stp;setiap
penbelian;pembelian
cuaantik;cantik
sukakkk;suka
m;sama
cucokkk;cocok
lyt;lihat
expresi;ekspresi
natap;menatap
ccok;cocok
helloo;halo
difotoin;difoto
cakepp;cakep
ngiriii;mengiri
coxok;cocok
buatin;buatkan
nihhh;ini
statusx;statusnya
cem;macam
yee;ya
sunggu;sungguh
lagiii;lagi
ammiiin;amin
haddeh;aduh
maaasss;mas
segerrrr;segar
kemn;kemana
suipit;sipit
sipiit;sipit
kedengeran;kedengaran
semangaatt;semangat
promil;programhamil
lancr;lancar
keputihn;keputihan
gratisss;gratis
km;kami
kebayang;terbayang
"mdh""";mudah-mudah
bz;bisa
amiinn;amin
ammin;amin
mendapatkn;mendapatkan
lucuuuk;lucu
amaattt;amat
yaoloh;yaallah
ngerayain;merayakan
sotoy;soktau
yok;yuk
buatin;membuat
d.bikinin;dibikin
mmz;mas
bikinin;bikin
bapeeeer;bawaperasaan
bikinin;membikin
keliatannya;kelihatannya
siih;sih
diginiin;dibeginikan
hadeehh;aduh
pu;punya
suamiiiii;suami
krenn;keren
kebykan;kebanyakan
tingal;tinggal
pernikahn;pernikahan
ngtain;mengatai
macem;macam
bagusnyeee;bagusnya
hmpir;hampir
liatnyaaa;lihatnya
waw;wow
mbuh;embuh
bsk;besok
waaa;wah
berbiiiiiihhh;barbie
canteek;cantik
teru;terus
nyatok;mencatok
goncengin;boncengkan
dianterin;diantar
gebleg;geblek
dianterin;diantarkan
anterin;antar
ngantar;mengantar
nganterin;mengantarkan
mz;mas
nerima;menerima
ati2;hati-hati
yeuh;ya
anterin;antarkan
dianter;diantar
disupirin;disopiri
jidad;jidat
novembr;november
bedain;membedakan
genduut;gendut
bertatto;bertato
brrt;berarti
kana;kanan
doong;dong
sblah;sebelah
tauuu;tau
tengaj;tengah
ps;pas
gmpg;gampang
engk;enggak
apal;hapal
dak;indak
rupa2nya;rupa-rupanya
kembaq;kembar
tngh;tengah
mknya;makanya
prmpuan;perempuan
ketuker;tertukar
drimnanya;darimananya
cntikan;cantikan
edaaaan;edan
syp;siapa
bcnda;bercanda
uhhh;uh
bazengg;bajingan
haiii;hai
bosaan;bosan
gitu2;begitu-gitu
kmana2;kemana-mana
hrsnya;harusnya
sdg;sedang
komentar2;komentar-komentar
kenyataan2;kenyataan-kenyataan
silahkan;silakan
lwt;lewat
sukur2;sukur-sukur
baek2;baik-baik
berbeda2;berbeda-beda
dibkatakan;dikatakan
doonk;dong
pengikuy;pengikut
ngmngin;mengomongkan
maksd;maksud
adkah;adakah
menbelah;membelah
ayuk;ayo
mngira;mengira
bertolernsi;bertoleransi
slahkan;salahkan
tolernsi;toleransi
sbnarnya;sebenarnya
ingi;ingin
oalaaaa;walah
menjelekan;menjelekkan
hadeuuh;aduh
dikemanain;dikemanakan
aneh2;aneh-aneh
bpknya;bapaknya
baca2;baca-baca
komen2;komen-komen
sebelum2nya;sebelum-sebelumnya
sbagai;sebagai
kangennnn;kangen
gndakan;gandakan
kangeeeeeeeenya;kangen
gaa;enggak
ganti'kn;menggantikan
tnang;tenang
amiiiiiiiiiiiiiiiiin;amin
kgeeeen;kangen
kangeenn;kangen
bangeeeet;banget
bsok;besok
hbis;habis
mti;mati
bngetttt;banget
kangeen;kangen
bgect;banget
"kebaikan""y";kebaikannya
dssi;disisi
kngenn;kangen
kangeeeeennn;kangen
lagii;lagi
dasyat;dahsyat
aer;air
bgni;begini
skalii;sekali
gg;enggak
dtinggl;ditinggal
terbaiiikkkkk;terbaik
murahhh;murah
pecahhg;pecah
kakakgh;kakak
terbaeeeek;terbaik
prempuan;perempuan
manteep;mantap
nggeh;engah
indonesiaaa;indonesia
inia;ini
maluu;malu
cobaaaa;coba
dehhh;deh
cepetan;cepatan
ntapsss;mantap
kamiiii;kami
qmu;kamu
sdkit2;sedikit-sedikit
tntg;tentang
penyakitny;penyakitnya
ngajarin;mengajari
laenny;lainnya
amiinnn;amin
scpatny;secepatnya
sampein;sampaikan
tuany;tuanya
doa2;doa-doa
pjg;panjang
adeeek;adek
bca;baca
mataq;mataku
byangin;membayangkan
trjadi;terjadi
dposisi;diposisi
tanda2nya;tanda-tandanya
dijwb;dijawab
tmn2nya;teman-temannya
sayy;sayang
salaam;salam
ngajar;mengajar
fto2;foto-foto
laen;lain
dallam;dalam
tentanh;tentang
nangiss;menangis
nnton;menonton
kejadianny;kejadiannya
klg;keluarga
sayaang;sayang
msg2;masing-masing
pgnnya;penginnya
meluk;memeluk
siiihhh;sih
mupeng;mukapengin
caya;percaya
aduhhhhhhhhh;aduh
buseett;buset
mblo;jomblo
lucuuu;lucu
gagahx;gagahnya
miriiiip;mirip
kaliiii;kali
niru;meniru
bpkmu;bapakmu
sangt;sangat
baang;bang
gasih;enggaksih
yuu;yuk
yuuu;yuk
samaa;sama
ngademin;mengademkan
aahh;ah
looo;loh
keluarin;keluarkan
yokk;yuk
gils;gila
ono;sono
weeeh;wih
bagiin;membagikan
suksea;sukses
temenan;berteman
sehh;sih
deket;dekat
dekt;dekat
genggg;geng
yawloh;yaallah
bhnya;bahannya
loo;loh
samaaaa;sama
abanggku;abangku
sayanggg;sayang
ciieeeeeee;cie
kokohh;engkoh
takuttt;takut
yuks;yuk
pnjual;penjual
yh;ya
dung;dong
latian;latihan
aaaaaaakkk;ah
mauuuu;mau
soga;moga
tteh;teteh
sintron;sinetron
astagaa;astaga
ancurrr;hancur
iaa;iya
dblkang;dibelakang
yayang;sayang
gokillllll;gila
aplks;aplikasi
ska;suka
ktawa;ketawa
baguuus;bagus
kaaan;kan
ngepoin;mengepoi
uuhh;uh
beut;banget
njirrr;anjir
pengeeenn;pengin
dongggg;dong
hatii;hati
besook;besok
mauu;mau
gtuu;begitu
njayyy;anjay
maacih;terimakasih
tokayyy;tahi
to;tapi
mksdku;maksudku
gituin;begitukan
lgsung;langsung
cba;coba
nh;nih
"ilang""";hilang-hilang
giniin;beginikan
ksini;kesini
kubarikan;kuberikan
ayank;sayang
anyeng;anjing
yankkk;sayang
cukurrr;cukur
gilaaaaaa;gila
yhaaa;ya
qaqaaaa;kakak
sayangkuuuuu;sayangku
kakakuuu;kakakku
banx;bang
edannn;edan
bape;bawaperasaan
"artis""";artis-artis
ngelahirin;melahirkan
paksain;memaksa
hub;hubungi
hubunggi;hubungi
loooh;loh
telimakacih;terimakasih
nerawang;menerawang
cantiiiik;cantik
tanya2;tanya-tanya
pede;percayadiri
kuningggg;kuning
nyolot;menyolot
kakk;kakak
elahh;alah
pnting;penting
bela2in;membela-bela
marah2an;marah-marahan
wlaupun;walaupun
syantiiiiikkkkkkkkkkkk;cantik
"bwa""";bawa-bawa
agma;agama
hijabb;hijab
kerrennn;keren
ngetik;mengetik
ntah;entah
pan;kapan
mateeeek;mati
geetoo;begitu
sewain;menyewa
kokkk;kok
muluuu;melulu
yaaang;yang
iyaa;iya
gituu;begitu
yappp;ya
uwahhhhh;wah
bnr2;benar-benar
psgn;pasangan
ujg;ujung
rmbut;rambut
kki;kaki
hayukk;hayo
ntab;mantab
atuhhh;atuh
yukss;yuk
lihaatttt;lihat
niiiihh;nih
liattt;lihat
cuyyy;cuy
gapernah;enggakpernah
liatiii;lihat
jombsss;jomblo
emesshhh;gemas
gemeessss;gemas
poollll;pol
gemesyak;gemasya
bngttt;banget
ngegmesin;menggemaskan
hndak;hendak
hndk;hendak
iiih;ih
lutunaa;lucunya
abiz;habis
gemes;gemas
ngareppppp;mengharap
aamiinin;amin
imuutt;imut
abizzz;habis
tay;tahi
toketnya;teteknya
tumpe2;tumpah-tumpah
lenje;lenjeh
tuuuuh;tuh
cantinya;cantiknya
macam2;macam-macam
"mbak""";mbak-mbak
ngatain;mengatai
mbaknyaahh;mbaknya
pyudara;payudara
ditutupin;ditutupi
ngomongnya;mengomongnya
sich;sih
cantiik2;cantik-cantik
hati.a;hatinya
mk.a;makanya
mlt.a;mulutnya
nyerocooooos;mencerocos
kyk.a;kayaknya
sklh;sekolah
pljrn;pelajaran
srng;sering
ngilang;menghilang
dikatain;dikatai
maluuu;malu
brisi;berisi
pkoknya;pokoknya
canti;cantik
astagfirullh;astagfirullah
nutupin;menutupi
hub;menghubungi
ori;orisinal
kakakaaaaaaaaaaaaaa;kakak
cantikkkkkkkk;cantik
batwc;banget
kamyuhhh;kamu
dbwh;dibawah
bukti2;bukti-bukti
senenggg;senang
mao;mau
murhan;murahan
prwtn;perawatan
wjh;wajah
bgettt;banget
mereka2;mereka-mereka
pakke;pakai
ktergantungan;ketergantungan
prwatn;perawatan
ngebuktiin;membuktikan
hslnya;hasilnya
setabil;stabil
maksih;terimakasih
gratiss;gratis
bbrpa;beberapa
"gara""";gara-gara
"benar""";benar-benar
ajaibb;ajaib
setujuuu;setuju
digituin;dibegitukan
sekolahin;sekolahkan
ajarin;ajarkan
mrnghadapi;menghadapi
apalg;apalagi
naka;nakal
sdkt;sedikit
besar2in;besar-besarkan
bgmana;bagaimana
s*inetr*n;sinetron
mrusak;merusak
mndpt;mendapat
skt;sakit
sebnyak;sebanyak
terburu2;terburu-buru
baik2;baik-baik
nanya;bertanya
ngumpat2;mengumpat-ngumpat
nantangin;menantang
ngegampar;menggampar
ngelaporin;melaporkan
salahin;salahkan
gabisa;enggakbisa
konsekwensi;konsekuensi
muliany;mulianya
mungki;mungkin
t4;tempat
bacahalah;bacalah
dikerasin;dikerasi
gkkan;enggakakan
ngulangin;mengulangi
bedaa;beda
pnyaa;punya
bol3h;boleh
ngadu;mengadu
dimarahin;dimarahi
troma;trauma
kerasin;kerasi
kamu2;kamu-kamu
cewer;jewer
bilanh;bilang
ngapain;mengapa
jwban;jawaban
nuduh;menuduh
ngatur;mengatur
rajin2;rajin-rajin
bacaaaa;baca
kekk;kayak
jungkiir;jungkir
gunaa;guna
bales2in;balas-membalas
orangg;orang
tauuuu;tau
byak;banyak
kepad;kepada
bantuanny;bantuannya
ttinggi;tinggi
perna;pernah
grgr;gara-gara
jari2;jari-jari
pukulin;pukuli
bengkak2;bengkak-bengkak
komentarin;komentari
bijak2;bijak-bijak
lama2;lama-lama
menurur;menurut
tipe2;tipe-tipe
diliat;dilihat
liatlah;lihatlah
teguran2;teguran-teguran
gr2;gara-gara
gamau;enggakmau
skolah;sekolah
pdahal;padahal
klas;kelas
tkut;takut
grunya;gurunya
pndah;pindah
liat2;lihat-lihat
masukin;memasukkan
dilindungin;dilindungi
kasiaannn;kasihan
miring2;miring-miring
tinggalin;tinggalkan
kaitannha;kaitannya
sud;sudah
pinter;pintar
rana;ranah
thdp;terhadap
scr;secara
bhkn;bahkan
justeru;justru
ngatai;mengatai
kln;kalian
sukak;suka
termuraaahhhh;termurah
brkunjun;berkunjung
suarranya;suaranya
"bner""";benar-benar
iu;itu
bgussss;bagus
kmaren;kemarin
ambilin;mengambil
biasaaaa;biasa
luuuaar;luar
redho;ridho
rezki;rezeki
kepd;kepada
luaarrr;luar
biasaaa;biasa
jadilh;jadilah
terhaaru;terharu
orrunya;orangtuanya
flm;film
kalok;kalo
adek2;adek-adek
loncatt;loncat
hampasss;hempas
tehh;teh
bunga2;bunga-bunga
apaaan;apaan
ampuuunn;ampun
daaah;dah
bangetttttt;banget
cantiiikk;cantik
suaranyaaaaaa;suaranya
idoolaaa;idola
pulaa;pula
penyanyi2;penyanyi-penyanyi
wiih;wih
apaa;apa
miriip;mirip
allaahh;allah
ajahhh;saja
dehat;sehat
salammmm;salam
hari2;hari-hari
sihat;sehat
buruann;buruan
rekomendain;rekomendasikan
trussss;terus
bangt;banget
boong;bohong
prawatan;perawatan
mkin;makin
dimao;dimau
silahkn;silakan
kasiatnya;khasiatnya
"minyak""an";minyak-minyakan
suksess;sukses
prodak;produk
trasa;terasa
minpi;mimpi
bner2;benar-benar
mutihin;memutihkan
smster;semester
kmren;kemarin
ucull;lucu
"ngomong""";ngomong-ngomong
udehh;sudah
syngnya;sayangnya
dipermainin;dipermainkan
kocakkk;kocak
dasarrr;dasar
waaaaw;wow
cannnnntikkkkkkk;cantik
mukax;mukanya
cantikx;cantiknya
fatanik;fanatik
protestin;protestan
kakau;kalau
marh;marah
emngnya;memangnya
cantiknyaa;cantiknya
darpada;daripada
cooooooocok;cocok
pkk;pakai
sling;saling
agama'ny;agamanya
bilng;bilang
prcy;percaya
lurusin;meluruskan
biri;biru
luco;lucu
ultha;ultah
batikk;batik
arab2;arab-arab
luchu;lucu
sedihhh;sedih
ngasi;mengasih
naaaak;nak
astafirullah;astagfirullah
peragain;peragakan
shayyy;say
anjaayy;anjay
shay;say
ngilerrrr;mengiler
woyyy;woy
shaaaay;say
hempaass;hempas
sayyy;say
shayy;say
syantiek;cantik
njay;anjay
hehh;eh
cantik2;cantik-cantik
kam;kamu
ingeet;ingat
sblh;sebelah
nawarin;menawari
amiiiiin;amin
jauhhh;jauh
waaahhh;wah
ajakin;mengajak
mntn;mantan
ade;adek
luhhh;lu
yooookkk;yuk
jrnk;jarang
"jelas""";jelas-jelas
kayax;kayak
dblkng;dibelakang
anjirr;anjir
mirippp;mirip
sangattt;sangat
iyap;iya
mayann;lumayan
autuhh;tautuh
atutt;takut
ketara;tertara
giniii;begini
mbaaass;mbak
bund;bunda
bangeeettt;banget
almh;almarhumah
temenkuuh;temanku
suami'y;suaminya
bngeeeetttt;banget
entr;entar
kyax;kayak
cuantikkk;cantik
mksdnya;maksudnya
namain;namai
kaaaaaaaaaakkkkkkkkkkk;kak
kucing'y;kucingnya
nama'in;namai
panggilan'ya;panggilannya
panggilan'y;panggilannya
z;saja
kalw;kalau
tips2;tips-tips
alu;aku
ngerrrriiii;ngeri
ngriii;mengiri
amatt;amat
paksain;memaksakan
kox;kok
th;teh
tmbah;tambah
cntikk;cantik
pkee;pakai
smkin;semakin
amiiiiinnn;amin
bgmna;bagaimana
ssorg;seseorang
hdpn;hadapan
foto2;foto-foto
mnambh;menambah
ktaatan;ketaatan
stju;setuju
cantikkkkkk;cantik
dilepas2;dilepas-lepas
tehhh;teh
istiqomahhh;istikamah
tehhhh;teh
prodaknya;produknya
imutt;imut
amu;kamu
nahh;nah
mauuuuuuu;mau
jilbb;jilbab
tmn;teman
ndut;gendut
ngecek;mengecek
psti;pasti
penasarn;penasaran
cuyy;cuy
astauviruloh;astagfirullah
paaak;pak
diajarin;diajari
gawl;gaul
kecr;kece
iih;ih
laaaah;lah
aned;banget
gingsungny;gingsulnya
blh;boleh
cariin;carikan
cuanti;cantik
mbanya;mbaknya
lh;boleh
knlan;kenalan
mbaakk;mbak
mrka;mereka
nyusahhin;menyusahkan
byaran;bayaran
wlawpun;walaupun
sedangkn;sedangkan
tnpa;tanpa
bnggain;banggakan
omongin;omongkan
nyusahin;menyusahkan
malu2in;malu-malui
dibanggain;dibanggakan
wlau;walau
komenan;komentar
"bangga""in";membangga-banggakan
krya;karya
"bilang""";bilang-bilang
tinggall;tinggal
dmna;dimana
dripda;daripada
bangga2in;membangga-banggakan
dibnggain;dibanggakan
karya2;karya-karya
drimana;darimana
ngepake';memakai
gksalah;enggaksalah
nuntut;menuntut
ngebiarin;membiarkan
bhas;bahas
lagu'y;lagunya
jadiin;jadikan
diem;diam
nyampah;menyampah
"mba""";mbak-mbak
bukan'a;bukannya
tappi;tapi
kalli;kali
pacara;pacaran
"ngerebut""";merebut-rebut
lluu;lu
mbaa;mbak
ngerussak;merusak
"bela""in";membela-bela
bellain;membela
kallo;kalo
coment;komen
dewassa;dewasa
comnet;komen
"pikir""";pikir-pikir
kaya'a;kayanya
kuyyy;yuk
kitaa;kita
sgtu'y;sebegitunya
ngebelain;membela
tpii;tapi
"karya""";karya-karya
do;di
cali;caci
penghrgaan;penghargaan
ajjh;saja
lbihh;lebih
baikk;baik
drii;dari
"artist""";artis-artis
"maki""";maki-maki
komentarin;mengomentari
sendirinnya;sendirinya
stidaknya;setidaknya
may;mau
trbaikk;terbaik
punn;pun
mengikutii;mengikuti
atassan;atasan
klauu;kalau
jngnn;jangan
so;sok
sendirinyya;sendirinya
frestasiii;prestasi
mst;mesti
add;ada
see;sih
sibukx;sibuknya
in;ini
katanyaa;katanya
lawaaaas;lawas
kocaaaak;kocak
adenya;adeknya
pkoknyaa;pokoknya
dsana;disana
dua2nya;dua-duanya
sichhhhhhhhhh;sih
nampak;menampak
tetehh;teteh
nambah;menambah
kepoin;kepoi
wooowww;wow
cobain;coba
muga;moga
kenalin;mengenalkan
janka;jangka
wawwwww;wow
waaaww;wow
waaawwww;wow
cobaaa;coba
kageet;kaget
bangettttttt;banget
oplas;operasiplastik
nambahh;bertambah
paripurnahh;paripurna
wanitah;wanita
indonesiaah;indonesia
cumn;cuman
gegra;gegara
brita;berita
fotbar;fotobareng
wajarrr;wajar
sngt;sangat
wk;waktu
bingiittt;banget
nampar;menampar
tukan;tukang
jatoh;jatuh
"muka""";muka-muka
cantik2nya;cantik-cantiknya
sdgkn;sedangkan
"apa""";apa-apa
mancungin;memancungkan
kusem;kusam
drpada;daripada
kmar;kamar
diemm;diam
tnggu;tunggu
ketawain;mentertawakan
lohh;lo
yaelahhh;alah
"sikap""";sikap-sikap
ampuun;ampun
ngejatuhin;manjatuhkan
ngelakuin;melakukan
gedeg;gedek
muka2;muka-muka
eey;eh
kslahan;kesalahan
ngata2in;mengatai-ngatai
perhatiam;perhatian
sbnrny;sebenarnya
trjd;terjadi
mkir;memikir
apalai;apalagi
bkal;bakal
saat2;saat-saat
nyadar;menyadari
nyadar;sadar
bka;buka
berani2;berani-berani
lucuuuuu;lucu
pipi'y;pipinya
gemmeeezzz;gemas
sukam;suka
menghilangkn;menghilangkan
mnjdkan;menjadikan
mudah2n;mudah-mudahan
soalx;soalnya
keche;kece
badaii;badai
btuh;butuh
ktanya;katanya
bebrp;beberapa
sblum;sebelum
santab;santap
salehah;salihah
mikirin;memikirkan
subhannallah;subhanallah
konsul;konsultasi
pengalam;pengalaman
poko;pokok
trun;turun
kuninggg;kuning
pinkkkk;pink
warnany;warnanya
senangat;semangat
msknya;masaknya
kerennnn;keren
ciptain;ciptakan
sayangkuh;sayangku
gans;ganteng
kren;keren
babget;banget
dihh;dih
jadu;jadi
ksyngn;kesayangan
haru;harus
"orang""";orang-orang
gokilll;gila
astagaaaa;astaga
hancuuuuuy;hancur
mattihhh;mati
beudd;banget
termiribkan;termiripkan
u;lu
dngerin;mendengarkan
brrti;berarti
wenakk;enak
nganteng;ganteng
abanggg;abang
seksii;seksi
gtuh;begitu
jadii;jadi
emeezzz;gemas
amohhh;kamu
maau;mau
eyke;aku
gilakkkkk;gila
awk;awak
duhhhhh;duh
wowww;wow
liaatt;lihat
iniiiii;ini
aloh;allah
ngettt;banget
maso;masa
brubah;berubah
pelastik;plastik
keak;kayak
dengerin;dengarkan
beud;banget
pahamin;pahami
takuuuuut;takut
ahahahanjirrr;anjir
jogetin;berjoget
shaay;say
boker;berak
pacarnyaa;pacarnya
siapaa;siapa
matii;mati
ketawaa;ketawa
wanjiir;anjir
minta;meminta
bnran;benaran
sgla;segala
uitnya;duitnya
beliiin;belikan
yaaah;ya
sekaeang;sekarang
tgk;tengok
bkn;bikin
tanyain;tanyakan
jatuhnyaa;jatuhnya
banyakin;membanyaki
tipu2nya;tipu-tipunya
doaang;doang
gituan;begituan
kaj;kak
wahhhhhh;wah
iiiiiiiii;ih
kaliiiiiii;kali
melebihin;melebihi
gakpapa;enggakapa-apa
kalogak;kaloenggak
sm2;sama-sama
ndukung;mendukung
kaaaaa;kak
aamiinnn;amin
skluarga;sekeluarga
suaminga;suaminya
berhijap;berhijab
smgaa;semoga
istiqamah;istikamah
cuaaantikk;cantik
muraaaaah;murah
baraang;barang
aamiiin;amin
bets;banget
alhamdulillaaaaah;alhamdulillah
sembuhin;menyembuhkan
pengrusak;perusak
ngoceh;mengoceh
aduhhh;aduh
hpus;hapus
pjang;pajang
bdampingan;berdampingan
kaga;kagak
uih;uh
"serem""";seram-seram
"happi""";hepi-hepi
bgtuu;begitu
mff;maaf
ktwa;ketawa
trlalu;terlalu
jjur;jujur
ngmg;mengomong
semogaa;semoga
kepelesett;terpeleset
geeelaakk;gila
bolang;bocahpetualang
pkek;pakai
lagihh;lagi
hedeuuhh;aduh
stress;stres
saltummmm;salahkostum
mboizzz;bois
suda;sudah
kayaq;kayak
ema;emak
dirumahny;dirumahnya
yuh;tuh
rmbt;rambut
apus;hapus
siapayahh;siapaya
kostom;kostum
loo;lo
gnii;begini
atuu;satu
pipinyaaa;pipinya
bungkuuuuuuuuusss;bungkus
iiiihhhhhj;ih
emeessss;gemas
pipine;pipinya
glembeeeer;gelambir
lucunaaa;lucunya
cubanget;lucubanget
pengenn;pengin
unyuuk;unyu
dedek;adek
lucunyah;lucunya
keduaa;kedua
trsrh;terserah
seterong;setrong
teyuss;terus
dimasukin;dimasuki
jelekin;menjelekkan
jahatin;menjahati
masukin;memasuki
tai;tahi
gtw;enggaktau
qo;kok
nulis;menulis
nyebutin;menyebutkan
ngertiin;mengerti
rasaiin;rasai
gakusah;enggakusah
disni;disini
sabarrr;sabar
semangaatttt;semangat
nyalahin;menyalahkan
bedainnya;membedakannya
keknya;kayaknya
krus;kurus
elaaaahhhh;alah
cogan;cowokganteng
tap8;tapi
pandanginya;memandanginya
kenaliiin;kenalkan
banyak2;banyak-banyak
yo;ya
suko;suka
niih;nih
sihhhh;sih
"sebaik""";sebaik-baik
segtu;sebegitu
ngebenci;membenci
bakar2in;bakar-bakari
padhe;pakde
yya;ya
dosa2mu;dosa-dosamu
maafin;memaafi
ujung2;ujung-ujung
dalem2;dalam-dalam
kgak;kagak
bahas2;bahas-bahas
woles;selow
hianatin;khianati
halangin;halangi
iyuh;ih
iyuuuhhhh;ih
gaje;enggakjelas
gabakal;enggakbakal
adapin;menghadapi
ngehakimi;menghakimi
ngejuangin;memperjuangkan
dipojokin;dipojokkan
bacotin;bacoti
berati;berarti
kebangetak;kebangetan
tangkep;tangkap
bt;buat
sadis2;sadis-sadis
maksir;menaksir
hebatt;hebat
pndang;pandang
pmbelajaran;pembelajaran
ngejelek;menjelekkan
maslah;masalah
mmperbaiki;memperbaiki
kafeh;kafe
remang2;remang-remang
mlh;malah
tinggl;tinggal
dirmh;dirumah
iyuuhhh;ih
ktika;ketika
dipuja2;dipuja-puja
ngrasain;merasai
ityl;itil
hbs;habis
marah2;marah-marah
wenak;enak
ngarang;mengarang
kelas'a;kelasnya
hadeeehhh;aduh
"kecil""";kecil-kecil
"gtu""an";begitu-gituan
gmanapun;bagaimanapun
kr;kira
nenek2;nenek-nenek
taux;taunya
urat2nya;urat-uratnya
ketarik;tertarik
ngorbanin;mengorbankan
eksprsi;ekspresi
gitulah;begitulah
"foto""";foto-foto
mamas;mas
bandingin;bandingkan
tua2;tua-tua
terus2an;terus-terusan
waduhh;waduh
"bawa""";bawa-bawa
badingkan;membandingkan
ngurus;mengurus
lanjutin;lanjutkan
ributin;meributkan
brantem;berantem
belain;membela
lipetan;lipatan
"nenek""";nenek-nenek
bneraan;benaran
kageeet;kaget
sangaaattt;sangat
rmbuut;rambut
nt;nanti
walik;balik
oma2;oma-oma
kellen;kalian
nyerocos;mencerocos
ibuk2;ibu-ibu
ngomenin;mengomentari
iseng2;iseng-iseng
niyyyyhhhh;nih
sexi2;seksi-seksi
blik;balik
kenape;kenapa
ladenin;meladeni
skit;sakit
hat;hati
jilbabnye;jilbabnya
ledkin;meledeki
digabtikan;digantikan
jng;jangan
ngumung;mengomong
ilang-in;hilangkan
prinadi;pribadi
luh;lu
yep;ya
helooooo;halo
loe;lo
palingann;palingan
berjinah;berzina
munaafikk;munafik
urusn;urusan
saudra;saudara
trganggu;terganggu
bhijab;berhijab
lepasin;melepas
smentara;sementara
dengerin;mendengarkan
waduhhh;waduh
ursan;urusan
sudab;sudah
dwsa;dewasa
rpt2;repot-repot
ngaji;mengaji
nmr;nomor
romantiz;romantis
pensaran;penasaran
baru2;baru-baru
yuukk;yuk
kitaaa;kita
lainnyaa;lainnya
perbulannn;perbulan
penyebab2;penyebab-penyebab
nyupir;menyopir
steess;stres
kwatir;kawatir
tengah2;tengah-tengah
duetin;duet
mudaa;muda
silsturahmi;silaturahmi
dijkt;dijakarta
cums;cuma
undangan2;undangan-undangan
past;pasti
ayukk;yuk
ngucapin;mengucapkan
filmny;filmnya
ntn;menonton
nobar;menontonbareng
kemariin;kemarin
knpp;kenapa
lggi;lagi
gaprgi;enggakpergi
aaahh;ah
pa2;apa-apa
dtunggu;ditunggu
masa2;masa-masa
kepikir;terpikir
seruuu;seru
emeshh;gemas
kaya;kayak
astagaaaaaa;astaga
pacarn;pacaran
ktg;kita
pacaranya;pacarannya
mbaak;mbak
ngalah;mengalah
de;dek
pacarane;pacarannya
rusakkk;rusak
yaaampunnn;yaampun
tuwek;tua
mukae;mukanya
ultahe;ultahnya
kliatanya;kelihatannya
pcaranya;pacarannya
bermaksut;bermaksud
tampialannya;tampilannya
nikaah;nikah
"anak""";anak-anak
pankapan;kapan-kapan
ngumbar;mengumbar
dhpusin;dihapuskan
istiqomah;istikamah
mnutup;menutup
bngatt;banget
dii;di
ooh;oh
hapusin;hapuskan
lohhh;loh
ngeuh;engah
sneng;senang
ngapus;menghapus
awl;awal
hrus;harus
bngkit;bangkit
mncoba;mencoba
wahhh;wah
mutuain;memutuskan
smw;semua
geuliiiiiiis;geulis
euyyyyy;euy
widihh;idih
uuh;uh
ngirim;mengirim
ngidam;mengidam
waah;wah
sampis;sampahhabis
maapin;maaf
ngebala;bala
mampuussss;mampus
diihhhh;dih
hrusnya;harusnya
sabal;sabar
udahlah;sudahlah
kauuuu;kau
sabaro;sabar
eehhh;eh
nyadar;menyadar
iiii;ih
kreative;kreatif
bangrt;banget
azekkkk;asik
kuaaatt;kuat
bhet;banget
inggrisny;inggrisnya
dsna;disana
iyaap;iya
nga;enggak
canyk;cantik
prodac;produk
nyesell;menyesal
ciyusss;serius
de;deh
cyin;cinta
bangetttttttt;banget
sexi;seksi
bundaaaa;bunda
bangget;banget
bettt;banget
cantiiillx;cantik
brapa;berapa
alaami;alami
sabaarrr;sabar
cantiiiikk;cantik
bangeeeeetttt;banget
cannntikk;cantik
banggett;banget
thnan;tahunan
cuantik;cantik
segerr;segar
wouww;wow
cantiiikkk;cantik
pen;pengin
catokin;catok
ikut2an;ikut-ikutan
comment2nya;komentar-komentarnya
teman2;teman-teman
besar2an;besar-besaran
knsul;konsultasi
brhasil;berhasil
hilangin;menghilangkan
kontak2;kontak-kontak
yg;yang 
dptnya;dapatnya
applikasi;aplikasi
kereeeeen;keren
bngeet;banget
gemesinnnnn;menggemaskan
ongkiir;ongkir
ajaibbbbb;ajaib
saayyyyy;say
lohhhh;loh
ganteung;ganteng
bhgia;bahagia
iiiiiiiiii;ih
lucuukk;lucu
keciil;kecil
yakinn;yakin
pentass;pentas
ngarep;mengharap
kepoin;kepo
lucu2;lucu-lucu
yoo;ya
testinya;testimoninya
mengirusi;mengurusi
khdpn;kehidupan
ngelawan;melawan
betuuuuulllllllllllllllll;betul
bisax;bisanya
klmbutan;kelembutan
seburuk2;seburuk-buruk
diingetin;diingatkan
ngeriiiiii;ngeri
nich;nih
akhlah;akhlak
elo2;lo-lo
mandiin;memandikan
nguburin;menguburkan
urusanny;urusannya
tuhanny;tuhannya
brtngkar;bertengkar
pndapat;pendapat
nmbah;menambah
looh;loh
sharusnya;seharusnya
mngkannya;mangkanya
nyia2in;menyia-nyiakan
brarti;berarti
mndpat;mendapat
kpuasan;kepuasan
sgampang;segampang
mlepaskan;melepaskan
trll;terlalu
sndr;sendiri
sellow;selow
sbbrnya;sebenarnya
kasar2;kasar-kasar
semangattt;semangat
testi;testimoni
bujukk;bujuk
d.apa;diapa
apain;apai
dsar;dasar
y;nya
benetaran;benaran
bneran;benaran
si;sih
kraya;karya
brg;bareng
ngebantu;membantu
kenalin;kenalkan
janjutin;lanjutkan
kepppoin;kepoi
recommendasi;rekomendasi
btulan;betulan
kha;kah
s;si
s;sih
tutupin;menutupi
wik;wig
ithu;itu
botakin;botaki
botakkkk;botak
bnrn;benaran
week;wig
gawul;gaul
modes;modis
brayyy;bray
kcantikan;kecantikan
bronis;brondongmanis
gapunya;enggakpunya
bkln;bakalan
kecantikanga;kecantikannya
hiii;hai
piiiilih;pilih
zama;zaman
gnti;ganti
nmnya;namanya
tapo;tapi
gkk;enggak
petinggi2;petinggi-petinggi
wota2;wota-wota
indefendet;independen
tempat2;tempat-tempat
taik;tahi
yuuuukkk;yuk
dituutup;ditutup
ngayal;mengkhayal
smvk;sempak
knyataan;kenyataan
njrittt;anjir
selmt;selamat
taz;atas
klhran;kelahiran
pertma;pertama
kelahuran;kelahiran
pertamany;pertamanya
mamax;mamanya
ankx;anaknya
cantip;cantik
klahiran;kelahiran
slmat;selamat
mmbanggakan;membanggakan
ortuny;orangtuanya
selmat;selamat
bnda;bunda
nyah;nya
prtamax;pertamanya
moqa;moga
yq;yang
brbakti;berbakti
gewlaaaaa;gila
basodaraa;bersaudara
hargs;harga
perhatiin;perhatikan
abal2;abal-abal
bantuim;bantu
pelwak;pelawak
suces;sukses
sucses;sukses
garemin;garami
gapake;enggakpakai
ngiringan;mengiringi
karir.a;karirnya
aamin;amin
teruz;terus
kemarn;kemarin
cobain;mencoba
recomendasinya;rekomendasinya
promoo;promo
ongkirr;ongkir
mskasih;terimakasih
wowwwww;wow
seeeemua;semua
rekomendasiin;rekomendasikan
nyaranin;menyarani
batesin;batasi
bijin;bikin
pd;percayadiri
ngeidealin;mengidealkan
bhn;bahan
gasalah;enggaksalah
brsma;bersama
le;boleh
ugha;juga
semuaaa;semua
heeee;hai
rame2;rame-rame
yam;ya
kartunin;kartun
kta;kita
kyaknya;kayaknya
abez;habis
baaaaaang;bang
ganteeeeng;ganteng
entahhh;entah
gimanaaaa;bagaimana
duuhh;duh
gantengnyaaaa;gantengnya
kpn2;kapan-kapan
pans;fan
kuliyh;kuliah
gantengkuuuuuu;gantengku
atassss;atas
orgny;orangnya
owalaah;walah
aslinyo;aslinya
alissnyaa;alisnya
masaaaa;masa
komuk;muka
kalahnye;kalahnya
maapin;maafi
iyaaaa;iya
fakultass;fakultas
smrg;semarang
unyu2;unyu-unyu
yyaaa;ya
insonniaaa;insomnia
adekx;adeknya
azaab;azab
gksi;enggaksih
greged;greget
alamiii;alami
ktemu;ketemu
ditayangin;ditayangkan
"ms""";masa-masa
meranin;memerankan
nontonny;menontonnya
rekomendasiiin;merekomendasikan
sista2;sista-sista
agan2;agan-agan
ngg;enggak
nanget;banget
ngeditnya;mengeditnya
himana;bagaimana
kekgini;kayakbegini
subhanaallahh;subhanallah
sangat2;sangat-sangat
terharuuuu;terharu
"kata""";kata-kata
subhanallahhh;subhanallah
tlsn;tulisan
nagiss;menangis
aneut;banget
trrharu;terharu
subhnallah;subhanallah
allahh;allah
suamiii;suami
dcintai;dicintai
klrga;keluarga
liat'y;lihatnya
lggeng;langgeng
romantisny;romatisnya
duhhh;duh
pcar;pacar
kakanga;kakaknya
slw;selow
cpa;siapa
aelah;alah
orabg;orang
mukanyaa;mukanya
kakakny;kakaknya
woooyy;woy
ngelucu;melucu
bukak;buka
mato;mata
kareno;karena
cino;cina
munafikk;munafik
meker;mikir
indoneaia;indonesia
benarin;membenarkan
jaadii;jadi
apo;apa
nyo;nya
miara;memiara
jalanani;menjalani
dalil2;dalil-dalil
sunah2;sunah-sunah
sdah;sudah
benda2;benda-benda
bilang2;bilang-bilang
emangnya;memangnya
rumpiin;rumpi
hotak;botak
ikut2;ikut-ikut
ciptain;menciptakan
jawabanny;jawabannya
urusin;urus
ajj;saja
mikir2;memikir-mikir
melihara;memelihara
oooh;oh
hidupx;hidupnya
ngefans;fan
uztad;ustad
anjingnyaa;anjingnya
pegang2;pegang-pegang
ilmh;ilmu
menasehati;menasihati
suka2;suka-suka
kelus;kali
hubngan;hubungan
koclak;kocak
bju;baju
cinggirnyaaaa;cinggirnya
yahhhh;ya
miripppp;mirip
sedikitlaahh;sedikitlah
miriplahhhhhh;miriplah
syediih;sedih
mirp;mirip
baju.a;bajunya
wiiiihhhhhhhhh;wih
gantheng;ganteng
synk;sayang
ngfans;fan
miriiippp;mirip
idungnya;hidungnya
wooow;wow
panglingg;pangling
artisnyaa;artisnya
dtggu;ditunggu
bgtttttttt;banget
buuun;bun
iyaappps;iya
sukse;sukses
nih2;nih-nih
baruu;baru
kecptan;kecepatan
rmbutnya;rambutnya
giti;begitu
penganten;pengantin
ne;ini
cantikkkkk;cantik
fans;fan
loksyut;lokasisyuting
amfun;ampun
k';kak
asuuu;asu
kuu;ku
dibls;dibalas
ceklist;ceklis
terusss;terus
tlvn;telepon
trkrim;terkirim
kelaluan;kelakuan
guanteng;ganteng
cucok;cocok
c;sih
gueee;gue
haduh;aduh
mlz;malas
emak2;emak-emak
tante2;tante-tante
kepoh;kepo
jalanin;menjalani
repong;repot
thu;itu
ngrusin;mengurusi
iy;iya
senyumna;senyumnya
ngejelek2in;menjelek-jelekkan
hotx;hotnya
cwnya;ceweknya
mbaaahhh;mbah
pasangn;pasangan
sttus;status
aama;sama
hadeuuhhhh;aduh
lebar2;lebar-lebar
sstu;sesuatu
serasiii;serasi
cocokx;cocoknya
emakx;emaknya
iniiiiiiiiiiiiiii;ini
cocookk;cocok
kll;kalo
arghhh;ah
ungkapin;ungkapkan
merrid;merit
neh;nih
cocokkkkk;cocok
yaolohh;yaallah
aee;saja
naggung;menanggung
battt;banget
am;sama
tah;teh
luthuna;lucunya
astagaaa;astaga
suaraynyaa;suaranya
duanyaa;duanya
anjayyyy;anjay
coeggg;coeg
koplak;kocak
uaaasssiiiik;asik
boss;bos
nyubit;mencubit
dede;adek
gemez;gemas
tium;cium
gemeeezzzz;gemas
ppa;papa
papahhhnya;papahnya
duuuhh;duh
ginting;ganteng
bingiiittzz;banget
iiihh;ih
dedeknya;adeknya
hadeeuh;aduh
geneeee;begini
yooow;ya
gemezz;gemas
gayax;gayanya
infpyunnnn;ampun
paraaah;parah
papiii;papi
kamunyaa;kamunya
ngambek;mengambek
haduuuh;aduh
kapaan;kapan
nginjek;menginjak
putihnyaa;putihnya
rasain;merasai
ituuuu;itu
omaaaaaaakk;oma
loncattt;loncat
didatengin;didatangi
kmariiin;kemarin
ayoklaa;ayolah
jelasssss;jelas
kaliiin;kalian
ujunggg;ujung
kaakaaaa;kakak
srruu;seru
kannn;kan
jmpaaaa;jumpa
yukkk;yuk
haii;hai
syukaaakkk;suka
dengeeriin;dengarkan
yakaliiiii;yakali
atuhh;atuh
ngertii;mengerti
nyanyiin;nyanyikan
nyanyiin;menyanyi
apalgi;apalagi
akuh;aku
mesrany;mesranya
jendes;janda
ngggk;enggak
coccokk;cocok
msa;masa
jendesss;janda
klepek2;klepek-klepek
bngtttt;banget
ponakn;ponakan
tantee;tante
gadiss;gadis
tpy;tapi
jnda;janda
bngy;banget
bujngn;bujangan
ngp;mengapa
padetan;padatan
bawa2;bawa-bawa
dapetin;mendapatkan
nyobain;mencoba
pcaran;pacaran
or;orang
prcuma;percuma
coment;komentar
langgengggg;langgeng
sekaliiiii;sekali
anehhh;aneh
hayal;khayal
bapeerr;bawaperasaan
keinget;teringat
merekak;mereka
kreeenn;keren
kocaaaakkk;kocak
abiiiss;habis
personill;personil
ampuuun;ampun
iiihhhh;ih
flim.a;filmnya
trusan.a;terusannya
tdung;tudung
gangguin;mengganggu
lgkah2;langkah-langkah
taw;tau
cntiiikkk;cantik
tegaar;tegar
sktlrang;sekarang
kangeeeennnnn;kangen
sjk;sejak
tambh;tambah
nangiis;menangis
nyaaaaaaaaa;nya
bundaa;bunda
duuhhhhh;duh
gaada;enggakada
malsudnya;maksudnya
lluuccuu;lucu
siappa;siapa
martabakk;martabak
skali2;sekali-kali
kueren2;keren-keren
abgnya;abangnya
warkop;warungkopi
hayuu;hayo
kenapaa;kenapa
ilang2an;hilang-hilangan
ayooook;ayo
astagaaaaaaaa;astaga
inihhh;ini
oom;om
mansetan;bermanset
cadasss;cadas
kereeeeennn;keren
"temen""";teman-teman
telefisi;televisi
mbahh;mbah
giitu;begitu
mtanya;matanya
cpit;sipit
dee;dek
sumvahh;sumpah
tamvann;tampan
yap;ya
guaaaaaaa;gua
capa;sapa
ngakakkk;mengakak
liaat;lihat
gantweng;ganteng
anjjjjjjjj;anjing
gakwad;enggakkuat
seru2;seru-seru
iniii;ini
favoriteeee;favorit
adaa;ada
dinyanyiin;dinyanyikan
nyengir;menyengir
temennya;temannya
klk;kelak
brjdh;berjodoh
akhrt;akhirat
kangennnnn;kangen
kanggen;kangen
kangennnnnnn;kangen
ysh;ya
sypa;siapa
nangisss;menangis
brjodoh;berjodoh
kaliann;kalian
barengg;bareng
kpnpun;kapanpun
mendj;menjadi
allahhhh;allah
merindinggg;merinding
amiennnn;amien
iihh;ih
lhir;lahir
udeh;sudah
menjdi;menjadi
debay;adekbayi
bangeer;banget
lafazd;lafaz
pmbyran;pembayaran
plsa;pulsa
"dimana""";dimana-mana
sokk;sok
ngambekan;ambekan
hub;hubungan
sma2;sama-sama
ngom;mengomong
toloollll;tolol
bodhooo;bodoh
peliharaaaa;pelihara
makanyaa;makanya
"ati""";hati-hati
kemakan;termakan
bodhoo;bodoh
siihhh;sih
andaaa;anda
buktinyaaa;buktinya
smuaaa;semua
ngambeknya;mengambeknya
kebongkar;terbongkar
kasiian;kasihan
diladenin;diladeni
comen;komen
ngtif;negatif
comntr;komentar
kaliannn;kalian
brdiri;berdiri
mulutny;mulutnya
msalah;masalah
trserh;terserah
waduuuuh;waduh
ngedukung;mendukung
dihpus;dihapus
mrekaa;mereka
cakeeeeppp;cakep
benerr;benar
"brg""";bareng-bareng
baanget;banget
anjaaaayyyyyy;anjay
ngetsz;banget
utkmu;untukmu
anj;anjing
merekaa;mereka
kann;kan
dieee;dia
yaahh;ya
hijap;hijab
ternodain;ternodai
ngeri2;ngeri-ngeri
mn;mana
kt2;kata-kata
agk;agak
slhkan;salahkan
jilbabny;jilbabnya
perilakuny;perilakunya
ketaatanny;ketaatannya
kepda;kepada
sblmny;sebelumnya
bljr;belajar
pedulilaaaah;pedulilah
ingetin;mengingatkan
terjrumus;terjerumus
stuju;setuju
sbb;sebab
igtlah;ingatlah
dtgkan;datangkan
benahin;membenahi
ohhhh;oh
yapp;ya
jauhh;jauh
bingitt;banget
buka2an;buka-bukaan
ngembali;kembali
sp;sapa
semngat;semangat
lekong;laki
kacauuuu;kacau
ngimpi;mimpi
owh;oh
ngerampas;merampas
ngehancurin;menghancurkan
ngungkit2;mengungkit-ungkit
kaleee;kali
caranga;caranya
usa;usah
dipikirin;dipikirkan
nunduk;menunduk
tembemmm;tembem
lucuuuuuuuuuu;lucu
bundaaa;bunda
nyubitt;mencubit
jls2;jelas-jelas
supeer;super
inni;ini
appa;apa
hayooo;hayo
adyem;adem
mitnah;memfitnah
cantiknyaaaaa;cantiknya
nie;nih
tmbm;tembam
cantix;cantik
kriput;keriput
jelex;jelek
drmn;darimana
"laku""";laku-laku
"orang""nya";orang-orangnya
kacian;kasihan
mancing2;memancing-mancing
eeeeh;eh
kpancing;terpancing
lakuin;melakukan
cri;cari
mikirinnn;memikirkan
"diam""";diam-diam
mengalahkn;mengalahkan
nyindirin;menyindir
nee;ini
klakuan;kelakuan
mksdx;maksudnya
shabat;sahabat
jk;jika
brbuat;berbuat
mmberi;memberi
nm;nama
sbhabat;sahabat
pnjerumus;penjerumus
tman;teman
shbat;sahabat
melakukn;melakukan
seorg;seorang
berkluarga;berkeluarga
siapa2;siapa-siapa
ketipu;tertipu
"laki""";laki-laki
mengait2kan;mengait-ngaitkan
nyir2;nyinyir
gosipin;menggosipkan
sendri;sendiri
bntar;bentar
duuuhhh;duh
nmbk;menembak
gakkk;enggak
abiiiiisssss;habis
tikung2;tikung-tikung
cwok;cowok
bangedd;banget
wuastagah;astaga
bedaaa;beda
jaoooh;jauh
mateeeeeeeeeeee;mati
parsis;persis
sumpeh;sumpah
iyh;iya
kmana;kemana
cantiqs;cantik
kecik;kecil
brasa;berasa
trlihat;terlihat
mmberikan;memberikan
khidupan;kehidupan
srpti;seperti
dinamakn;dinamakan
mlu;melulu
sgtu;sebegitu
paati;pasti
th;tahu
kutuu;kutu
setelur2nya;setelur-telurnya
khadiran;kehadiran
kel;keluarga
srta;serta
kcil;kecil
kberkahn;keberkahan
kbahagiaan;kebahagiaan
tntram;tentram
brsama;bersama
hngga;hingga
brpndapat;berpendapat
trutama;terutama
hiraukn;hiraukan
diamkn;diamkan
hrsny;harusny
brsyukur;bersyukur
mmberikn;memberikan
rasakn;rasakan
cari2;cari-cari
kesalahanny;kesalahannya
kekuranganny;kekurangannya
seandainy;seandainya
perasaanny;perasaannya
diindonesis;diindonesia
liyatnya;lihatnya
kayahhh;kaya
ala2;ala-ala
yook;yuk
yoookkkk;yuk
siihh;sih
elus2;elus-elus
asliiiii;asli
aduuhhhh;aduh
padahl;padahal
btul;betul
da;dah
kejahatn;kejahatan
slam;salam
ngelewati;melewati
ngerendahin;merendahkan
apaalahh;apalah
tnp;tanpa
menyebut2;menyebut-nyebut
mnt;minta
kiya;kita
miriiiiip;mirip
dirimuuu;dirimu
yoiiu;yoi
semuanyaaaa;semuanya
suka.a;sukanya
jdii;jadi
blnja;belanja
brangnya;barangnya
lw;kalau
ada2;ada-ada
nimpuk;menimpuk
prlu;perlu
coyyy;coy
suaranyaa;suaranya
jnagn;jangan
kcwa;kecewa
jaman2;jaman-jaman
sok2an;sok-sokan
dket2in;dekat-dekati
cobak;coba
britanya;beritanya
tau2;tau-tau
mahh;mah
jamam;jaman
paraa;para
seharusny;seharusnya
dasaar;dasar
bergunaa;berguna
mulutnyaaa;mulutnya
kcewa;kecewa
mnusuk;menusuk
nembak;menembak
trmanis;termanis
krng;kurang
kaciiaann;kasihan
nyela;mencela
ngejilat;menjilat
hallooo;halo
deketin;dekati
tayik;tahi
halooo;halo
ustzah;ustazah
halow;halo
poooolllll;pol
tahannn;tahan
aduuh;aduh
nyimpen;menyimpan
ngarsipin;mengarsipkan
cman;cuman
gituuuuu;begitu
kyy;kaya
kngn;kangen
kq;kok
nyesek;menyesak
rinduuuuuuu;rindu
b2;berdua
kangeeeennn;kangen
mg;moga
aamiiiiinnn;amin
gemezzzz;gemas
kangennnnnn;kangen
prh;parah
bakattt;bakat
napsuu;napsu
gmau;enggakmau
luccu;lucu
prasaan;perasaan
lahirr;lahir
setujuuuu;setuju
sering2;sering-sering
ceemen;cemen
"sembunyi""""";sembunyi-sembunyi
skrnh;sekarang
cerdiik;cerdik
jeniuss;jenius
kurangin;kurangi
kreen;keren
s'lalu;selalu
mauuuuuu;mau
mintk;minta
nyolong;mencolong
pnjng;panjang
slaluuuuu;selalu
kanggggg;kang
rezeqinya;rezekinya
pintr;pintar
dekk;dek
maw;mau
kura2;kura-kura
edaaann;edan
nempel;menempel
hatiiii;hati
sukkaa;suka
luuuucuuu;lucu
caantiiik;cantik
luucuuu;lucu
putihh;putih
"terus""an";terus-terusan
siiih;sih
pollll;pol
sekaliiii;sekali
peduliin;mempedulikan
komntr;komentar
smngat;semangat
dosax;dosanya
pahalax;pahalanya
akhirt;akhirat
tinggalkn;tinggalkan
rumh;rumah
mk;maka
trhtung;terhitung
naaaa;nya
ademmm;adem
cerdass;cerdas
tambahh;tambah
polll;pol
didengerin;didengarkan
mantapppppp;mantap
ngerespon;merespons
dulurrr;dulur
brusaha;berusaha
pahamin;memahami
lebh;lebih
amin2;amin-amin
positippp;positif
jauuhhh;jauh
brhjb;berhijab
mdh2n;mudah-mudahan
slmnya;salamnya
jlbb;jilbab
dempga;semoga
selmnya;selamanya
tth;teteh
otot2;otot-otot
lengkeeett;lengket
caaannnttiikkk;cantik
trusss;terus
ademm;adem
apalagiii;apalagi
passs;pas
beginii;begini
satuu;satu
cuantek;cantik
akuuuur;akur
iniehh;ini
sayangx;sayangnya
jodohx;jodohnya
kaliaan;kalian
haslnya;hasilnya
kencng;kencang
pmbantu;pembantu
kmbl;kembali
cuchook;cocok
kloop;klop
sempurnaa;sempurna
klihatan;kelihatan
cintax;cintanya
pnuh;penuh
ngrti;mengerti
"mudah""an";mudah-mudahan
"segala""ny";segala-galanya
mantanny;mantannya
jodohny;jodohnya
cantk;cantik
ituuu;itu
kaasian;kasihan
padhl;padahal
"ank""";anak-anak
pkrin;pikirkan
anakx;anaknya
sia2kan;sia-siakan
naaahhh;nah
beluumm;belum
sayangggq;sayangku
kreean;keren
ciiieee;cie
cieee;cie
cieeee;cie
berenanh;berenang
pacarr;pacar
bingitss;banget
besokkk;besok
annnnjjjjjjrrrr;anjir
ngeliatin;melihati
ngumbar2;mengumbar-umbar
romantiss;romantis
cocook;cocok
lucuuuuuuuu;lucu
kaaaaaann;kan
nyaaaaaaa;nya
lgs;langsung
yaang;yang
bangedt;banget
gde;gede
lutunaaa;lucunya
bikinnn;bikin
keee;ke
bungkuuussss;bungkus
lucux;lucunya
bntr;bentar
buanyaaak;banyak
aaamiiinnn;amin
aaamiiin;amin
ntap;mantap
abgnyaah;abangnya
mungkiin;mungkin
akuhh;aku
hiduupppp;hidup
nganggepin;menanggapi
"mentang""";mentang-mentang
najiss;najis
perjabatt;pejabat
makany;makanya
benneeeeeerr;benar
krjaan;pekerjaan
kdng;kadang
kdang;kadang
knan;kanan
anak'y;anaknya
trknal;terkenal
"gtu""";begitu-gitu
klok;kalo
aamiiiinnnnn;amin
pengennnn;pengin
guw;gue
siiiiiiippppppppp;sip
selaloe;selalu
donggg;dong
beruntungnyaaaa;beruntungnya
soal'y;soalnya
prhatian;perhatian
hebaat;hebat
gueeeee;gue
liatt;lihat
gehh;gih
ankknyaaa;anaknya
centilnyaaaaaa;centilnya
gemesshzzzzhzzhzhzhsjssjs;gemas
ngacaaa;mengaca
diaaa;dia
jirr;anjir
kayaa;kaya
cempreeng;cempreng
centillll;centil
pcran;pacaran
anedh;banget
ampyunnnn;ampun
boro2;boro-boro
nyta;nyata
kampungn;kampungan
j;saja
mnghina;menghina
ngolokin;mengolok
ngurusin;mengurus
"syirik""";syirik-syirik
than;tahan
dsr;dasar
siriik;sirik
mampuuu;mampu
aduuhh;aduh
cemburuu;cemburu
bingitzzzz;banget
tlog;tolong
apasihhh;apasih
sirikk;sirik
dbnding;dibanding
nrka;neraka
s3ndiri;sendiri
bhgiain;membahagiakan
kdua;kedua
prcya;percaya
bhagaia;bahagia
cuco;cocok
genittt;genit
kx;kak
mlikk;milik
"mentah""";mentah-mentah
canci;cantik
aneed;banget
gimanaa;bagaimana
lainnn;lain
pentingg;penting
kenalin;memperkenalkan
bagaimanaaa;bagaimana
krudung;kerudung
enakkkkk;enak
poool;pol
jirrrr;anjir
oprasiya;operasinya
uwee;gue
pilihannny;pilihannya
itumahh;itumah
muuuu;mu
uuhhh;uh
berbakiti;berbakti
alhamd;alhamdulillah
slmttt;selamat
ucapin;mengucapkan
tetp;tetap
ditengah2;ditengah-tengah
semuanyaa;semuanya
semuannyaaa;semuanya
aminn2;amin-amin
abs;habis
kebnyak'an;kebanyakan
melahirin;melahirkan
aduuuh;aduh
cakeep;cakep
lhooo;loh
kamuuuu;kamu
bagi2;bagi-bagi
gimn;bagaimana
smogaaa;semoga
biza;bisa
aamien;amien
lngsing;langsing
wowoooww;wow
smulla;semula
pdhall;padahal
blln;bulan
senang2;senang-senang
jh;saja
kereeennnn;keren
gilakkk;gila
gtu2;begitu-gitu
gataunya;enggaktaunya
gtau;enggaktau
fans2;fan-fan
gaharus;enggakharus
politic;politik
cont; 
rt; 
cc;
huhuhuhuhuhuhuhuhuhuuuuuuuuuuuuuu;sedih
